Price,Close,High,Low,Open,Volume
Ticker,GF=F,GF=F,GF=F,GF=F,GF=F
Date,,,,,
2020-01-02,144.64999389648438,145.85000610351562,142.77499389648438,145.47500610351562,4062
2020-01-03,143.35000610351562,144.3249969482422,143.27499389648438,144.125,1598
2020-01-06,147.4250030517578,147.8249969482422,143.39999389648438,143.72500610351562,5673
2020-01-07,145.89999389648438,147.27499389648438,145.25,147.0,2220
2020-01-08,146.8249969482422,147.10000610351562,145.5500030517578,145.89999389648438,1748
2020-01-09,146.9250030517578,147.52499389648438,146.14999389648438,146.60000610351562,1551
2020-01-10,147.60000610351562,147.8000030517578,146.10000610351562,146.6750030517578,1423
2020-01-13,146.02499389648438,147.25,145.8000030517578,147.25,1712
2020-01-14,145.89999389648438,146.1999969482422,145.27499389648438,145.89999389648438,1147
2020-01-15,145.4250030517578,146.625,144.60000610351562,145.89999389648438,2652
2020-01-16,145.4250030517578,145.75,143.39999389648438,145.6750030517578,1230
2020-01-17,145.35000610351562,145.5749969482422,144.60000610351562,145.14999389648438,439
2020-01-21,145.0749969482422,145.25,144.625,145.14999389648438,682
2020-01-22,143.9250030517578,145.0,143.85000610351562,145.0,732
2020-01-23,142.77499389648438,144.5,142.72500610351562,144.125,1120
2020-01-24,141.85000610351562,143.125,141.72500610351562,142.77499389648438,988
2020-01-27,141.89999389648438,142.39999389648438,141.8000030517578,142.0,829
2020-01-28,142.0500030517578,142.39999389648438,141.77499389648438,141.77499389648438,582
2020-01-29,142.10000610351562,142.5,141.875,142.375,301
2020-01-30,142.4499969482422,142.52499389648438,142.25,142.3000030517578,6003
2020-01-31,136.0749969482422,137.77499389648438,135.4499969482422,135.64999389648438,7062
2020-02-03,136.64999389648438,137.3000030517578,133.64999389648438,136.35000610351562,11246
2020-02-04,137.5,138.0749969482422,136.39999389648438,137.10000610351562,8183
2020-02-05,135.6750030517578,138.0749969482422,135.5,137.89999389648438,5649
2020-02-06,135.89999389648438,136.9499969482422,135.27499389648438,135.89999389648438,4421
2020-02-07,135.1999969482422,136.0749969482422,135.0,135.9250030517578,5847
2020-02-10,135.6999969482422,135.8249969482422,134.375,134.9250030517578,7610
2020-02-11,134.6750030517578,136.89999389648438,134.52499389648438,135.64999389648438,6962
2020-02-12,135.0500030517578,135.52499389648438,134.1750030517578,134.85000610351562,5881
2020-02-13,136.3249969482422,136.77499389648438,134.1999969482422,135.02499389648438,7808
2020-02-14,138.52499389648438,139.64999389648438,136.77499389648438,136.77499389648438,8409
2020-02-18,139.3000030517578,139.5500030517578,138.6750030517578,139.10000610351562,4434
2020-02-19,140.77499389648438,140.9499969482422,139.0500030517578,139.5,5855
2020-02-20,140.8000030517578,141.3249969482422,139.52499389648438,140.9499969482422,5142
2020-02-21,140.1999969482422,140.9250030517578,139.64999389648438,140.6999969482422,6242
2020-02-24,136.02499389648438,138.02499389648438,135.6999969482422,137.89999389648438,6750
2020-02-25,132.97500610351562,137.22500610351562,131.77499389648438,136.6999969482422,6250
2020-02-26,134.0749969482422,135.375,133.0,133.47500610351562,3809
2020-02-27,132.5749969482422,134.47500610351562,129.5749969482422,132.4250030517578,4108
2020-02-28,131.27499389648438,134.4499969482422,128.72500610351562,130.0,4060
2020-03-02,133.72500610351562,135.75,132.25,132.89999389648438,2337
2020-03-03,133.52499389648438,136.02499389648438,133.0500030517578,134.75,2718
2020-03-04,134.85000610351562,135.5,134.0,134.625,2096
2020-03-05,133.625,134.6999969482422,133.0500030517578,134.0,1102
2020-03-06,130.6999969482422,132.85000610351562,130.3000030517578,132.4499969482422,1571
2020-03-09,126.19999694824219,129.6750030517578,126.19999694824219,126.19999694824219,1869
2020-03-10,127.75,131.3000030517578,127.125,128.1999969482422,1311
2020-03-11,123.32499694824219,128.0,123.25,127.5,1216
2020-03-12,118.82499694824219,120.875,118.82499694824219,120.875,1400
2020-03-13,113.0,123.94999694824219,112.07499694824219,122.5,2230
2020-03-16,108.5,116.7750015258789,108.5,108.5,1176
2020-03-17,113.55000305175781,115.25,109.67500305175781,109.67500305175781,842
2020-03-18,112.57499694824219,118.05000305175781,112.05000305175781,113.55000305175781,1044
2020-03-19,117.07499694824219,117.07499694824219,115.5,117.05000305175781,292
2020-03-20,120.7249984741211,123.82499694824219,118.5250015258789,119.5,1020
2020-03-23,125.2249984741211,125.2249984741211,123.7249984741211,123.7249984741211,537
2020-03-24,130.22500610351562,130.72500610351562,127.0250015258789,129.3000030517578,1292
2020-03-25,132.0749969482422,132.5749969482422,130.0,130.0,944
2020-03-26,130.8000030517578,132.125,130.5,132.0,2772
2020-03-27,120.5999984741211,123.32499694824219,120.5999984741211,123.0,1510
2020-03-30,120.05000305175781,122.0,117.625,119.625,1858
2020-03-31,121.92500305175781,123.05000305175781,116.5999984741211,120.05000305175781,1328
2020-04-01,117.42500305175781,119.2249984741211,117.42500305175781,118.5,796
2020-04-02,110.67500305175781,116.2750015258789,110.67500305175781,116.2750015258789,1503
2020-04-03,108.25,115.9749984741211,106.55000305175781,110.125,1150
2020-04-06,110.42500305175781,112.57499694824219,103.94999694824219,105.07499694824219,934
2020-04-07,114.92500305175781,114.92500305175781,113.5,113.5,483
2020-04-08,119.875,121.67500305175781,117.375,117.375,1960
2020-04-09,119.5250015258789,120.19999694824219,116.57499694824219,118.0,824
2020-04-13,115.0250015258789,116.125,115.0250015258789,115.1500015258789,367
2020-04-14,116.4000015258789,118.9749984741211,112.42500305175781,113.7750015258789,547
2020-04-15,115.80000305175781,117.05000305175781,114.125,116.0,810
2020-04-16,118.25,120.30000305175781,116.75,116.8499984741211,543
2020-04-17,119.5250015258789,121.0999984741211,118.19999694824219,120.1500015258789,457
2020-04-20,118.32499694824219,120.75,117.9000015258789,119.94999694824219,270
2020-04-21,117.9000015258789,118.25,115.0,116.8499984741211,400
2020-04-22,118.4749984741211,119.5999984741211,117.5,119.0,251
2020-04-23,119.42500305175781,121.19999694824219,118.05000305175781,118.25,500
2020-04-24,119.80000305175781,120.125,118.32499694824219,119.4000015258789,266
2020-04-27,120.4000015258789,121.875,119.5,120.25,237
2020-04-28,119.625,120.4749984741211,119.4000015258789,119.75,256
2020-04-29,119.55000305175781,119.9000015258789,119.3499984741211,119.69999694824219,108
2020-04-30,119.17500305175781,119.30000305175781,118.94999694824219,119.30000305175781,1513
2020-05-01,117.82499694824219,120.80000305175781,117.0,117.7249984741211,1504
2020-05-04,119.07499694824219,119.5,118.07499694824219,118.69999694824219,865
2020-05-05,119.5999984741211,119.69999694824219,116.0999984741211,119.57499694824219,1147
2020-05-06,124.0999984741211,124.0999984741211,118.80000305175781,119.0999984741211,1529
2020-05-07,130.27499389648438,130.85000610351562,125.125,125.125,2526
2020-05-08,127.9000015258789,130.375,127.6500015258789,130.1750030517578,1238
2020-05-11,123.6500015258789,128.25,123.4749984741211,128.02499389648438,903
2020-05-12,127.30000305175781,127.5999984741211,123.7750015258789,123.9000015258789,734
2020-05-13,125.30000305175781,127.4749984741211,124.92500305175781,127.1500015258789,600
2020-05-14,123.80000305175781,125.55000305175781,123.5250015258789,125.0,597
2020-05-15,124.7249984741211,125.42500305175781,123.80000305175781,124.3499984741211,777
2020-05-18,126.5999984741211,127.0,125.5,126.17500305175781,647
2020-05-19,127.42500305175781,127.5,126.9000015258789,127.1500015258789,586
2020-05-20,126.0,127.69999694824219,125.8499984741211,127.1500015258789,1142
2020-05-21,126.0250015258789,126.0250015258789,125.8499984741211,126.0,3278
2020-05-22,128.8000030517578,129.97500610351562,128.5,128.6999969482422,2500
2020-05-26,133.3000030517578,133.3000030517578,129.60000610351562,129.77499389648438,3973
2020-05-27,134.02499389648438,135.0,133.02499389648438,134.1999969482422,3141
2020-05-28,135.5,136.02499389648438,133.3000030517578,134.1999969482422,4049
2020-05-29,135.35000610351562,135.75,132.60000610351562,135.47500610351562,5958
2020-06-01,136.125,136.72500610351562,132.52499389648438,134.39999389648438,4875
2020-06-02,133.4250030517578,136.35000610351562,133.1750030517578,135.77499389648438,4484
2020-06-03,134.22500610351562,134.5749969482422,132.60000610351562,134.0,3580
2020-06-04,134.72500610351562,135.3249969482422,133.625,133.6750030517578,2923
2020-06-05,134.1750030517578,135.5,133.35000610351562,135.25,3357
2020-06-08,133.0749969482422,134.3249969482422,132.6750030517578,134.0749969482422,2622
2020-06-09,134.25,134.875,131.52499389648438,132.75,3131
2020-06-10,132.6750030517578,134.75,131.5749969482422,134.22500610351562,3532
2020-06-11,132.1750030517578,132.35000610351562,130.125,131.39999389648438,3914
2020-06-12,131.10000610351562,133.5,130.64999389648438,132.35000610351562,3356
2020-06-15,131.1750030517578,131.75,128.6750030517578,130.47500610351562,4898
2020-06-16,132.875,133.0,131.4250030517578,132.1750030517578,3193
2020-06-17,133.5749969482422,133.85000610351562,131.6999969482422,132.3000030517578,3057
2020-06-18,132.97500610351562,133.75,132.4499969482422,133.75,2130
2020-06-19,132.5500030517578,133.5500030517578,132.125,132.5,2318
2020-06-22,131.75,132.6750030517578,131.125,131.14999389648438,3489
2020-06-23,133.1999969482422,135.375,131.02499389648438,131.625,6963
2020-06-24,132.875,134.4499969482422,131.8000030517578,133.1999969482422,3898
2020-06-25,133.25,134.39999389648438,132.4250030517578,132.9499969482422,3071
2020-06-26,132.60000610351562,133.5749969482422,132.125,132.97500610351562,3523
2020-06-29,133.5,133.89999389648438,130.4499969482422,132.72500610351562,4727
2020-06-30,132.85000610351562,135.6750030517578,132.27499389648438,133.47500610351562,7247
2020-07-01,133.0749969482422,133.9499969482422,130.77499389648438,132.89999389648438,5060
2020-07-02,134.875,136.0,132.625,133.25,4730
2020-07-06,136.14999389648438,136.6750030517578,134.97500610351562,135.8000030517578,4166
2020-07-07,134.9250030517578,136.39999389648438,134.85000610351562,135.8249969482422,3779
2020-07-08,134.0500030517578,135.22500610351562,133.10000610351562,135.0,6910
2020-07-09,134.52499389648438,135.4250030517578,133.8000030517578,134.1750030517578,5534
2020-07-10,135.75,136.0500030517578,134.4250030517578,134.85000610351562,4604
2020-07-13,137.0500030517578,137.85000610351562,136.0,136.14999389648438,6320
2020-07-14,136.72500610351562,137.52499389648438,136.5749969482422,136.89999389648438,5191
2020-07-15,139.4250030517578,139.8249969482422,136.64999389648438,136.75,5101
2020-07-16,142.60000610351562,143.8249969482422,138.9250030517578,139.375,7822
2020-07-17,142.6999969482422,142.97500610351562,141.1999969482422,142.4499969482422,3973
2020-07-20,141.60000610351562,142.6999969482422,139.4250030517578,142.47500610351562,4930
2020-07-21,141.3249969482422,142.35000610351562,140.72500610351562,141.60000610351562,3290
2020-07-22,141.52499389648438,142.02499389648438,140.77499389648438,141.35000610351562,4214
2020-07-23,142.02499389648438,143.0749969482422,141.52499389648438,141.75,3546
2020-07-24,142.0500030517578,143.6999969482422,141.5500030517578,141.75,3699
2020-07-27,139.35000610351562,143.85000610351562,139.10000610351562,143.6999969482422,4635
2020-07-28,140.6999969482422,141.60000610351562,139.47500610351562,139.625,2829
2020-07-29,141.97500610351562,142.47500610351562,140.8000030517578,141.375,1528
2020-07-30,143.02499389648438,143.5,141.4250030517578,141.77499389648438,1718
2020-07-31,144.6750030517578,144.89999389648438,142.64999389648438,143.14999389648438,1481
2020-08-03,144.875,145.47500610351562,144.22500610351562,144.52499389648438,1503
2020-08-04,144.6999969482422,145.39999389648438,144.0749969482422,144.875,1079
2020-08-05,144.8000030517578,145.1750030517578,144.10000610351562,144.5,819
2020-08-06,143.47500610351562,145.97500610351562,143.1999969482422,145.10000610351562,2080
2020-08-07,142.72500610351562,143.9250030517578,142.5,143.5749969482422,1243
2020-08-10,143.5749969482422,143.8249969482422,142.25,142.8249969482422,1028
2020-08-11,144.5,145.10000610351562,143.10000610351562,143.9499969482422,1257
2020-08-12,145.25,146.39999389648438,144.39999389648438,144.77499389648438,1595
2020-08-13,144.9499969482422,145.85000610351562,144.60000610351562,145.75,846
2020-08-14,143.9250030517578,145.125,143.64999389648438,144.875,570
2020-08-17,142.72500610351562,144.1999969482422,142.5500030517578,144.1999969482422,719
2020-08-18,143.22500610351562,143.4499969482422,142.72500610351562,142.9250030517578,387
2020-08-19,143.5500030517578,144.0500030517578,143.25,143.25,283
2020-08-20,143.4250030517578,143.75,143.22500610351562,143.72500610351562,501
2020-08-21,142.9250030517578,143.72500610351562,142.75,143.35000610351562,607
2020-08-24,142.0,142.39999389648438,141.14999389648438,142.14999389648438,1105
2020-08-25,142.25,142.5,141.5749969482422,141.89999389648438,650
2020-08-26,142.47500610351562,142.8000030517578,142.02499389648438,142.64999389648438,776
2020-08-27,141.97500610351562,142.39999389648438,141.97500610351562,142.39999389648438,2024
2020-08-28,140.02499389648438,141.39999389648438,139.60000610351562,141.39999389648438,1150
2020-08-31,140.3000030517578,141.375,138.6999969482422,139.3249969482422,968
2020-09-01,140.125,141.5500030517578,139.125,140.47500610351562,1348
2020-09-02,138.6999969482422,140.5749969482422,137.5,140.4250030517578,1525
2020-09-03,137.60000610351562,139.5500030517578,137.0500030517578,138.6999969482422,1321
2020-09-04,137.64999389648438,138.25,136.85000610351562,137.875,1380
2020-09-08,138.9499969482422,139.1750030517578,137.64999389648438,137.875,1203
2020-09-09,138.39999389648438,139.4499969482422,137.22500610351562,138.9250030517578,1356
2020-09-10,139.1750030517578,140.0,138.39999389648438,138.39999389648438,1011
2020-09-11,140.0,140.22500610351562,139.35000610351562,139.5,465
2020-09-14,141.5,142.0,140.125,140.8249969482422,664
2020-09-15,141.6750030517578,142.125,140.9499969482422,142.125,758
2020-09-16,140.5,141.89999389648438,140.375,141.89999389648438,575
2020-09-17,139.9250030517578,140.85000610351562,139.39999389648438,140.3000030517578,770
2020-09-18,140.875,141.75,140.3000030517578,140.3000030517578,993
2020-09-21,141.0749969482422,141.1999969482422,140.14999389648438,140.8000030517578,700
2020-09-22,141.6999969482422,142.125,141.35000610351562,141.5500030517578,819
2020-09-23,142.0,142.1999969482422,141.47500610351562,141.72500610351562,457
2020-09-24,142.4499969482422,142.5,142.1999969482422,142.1999969482422,3149
2020-09-25,140.3249969482422,142.3249969482422,140.25,142.1999969482422,3697
2020-09-28,140.9250030517578,141.0500030517578,139.22500610351562,139.5,3347
2020-09-29,142.9250030517578,143.64999389648438,140.97500610351562,141.25,2785
2020-09-30,141.35000610351562,143.4499969482422,140.5500030517578,143.3000030517578,1880
2020-10-01,140.9250030517578,141.9499969482422,140.625,141.0749969482422,1463
2020-10-02,139.89999389648438,140.6999969482422,139.5,139.9499969482422,1216
2020-10-05,140.0500030517578,140.77499389648438,139.6999969482422,140.5,928
2020-10-06,138.125,140.875,137.14999389648438,140.5,2046
2020-10-07,138.5,138.8000030517578,136.8000030517578,138.14999389648438,1065
2020-10-08,138.0500030517578,138.875,137.8000030517578,138.1750030517578,1360
2020-10-09,138.25,138.60000610351562,137.3000030517578,138.0,1233
2020-10-12,137.3000030517578,138.6750030517578,137.0,138.6750030517578,1220
2020-10-13,138.125,138.25,136.3000030517578,137.27499389648438,938
2020-10-14,138.375,138.8000030517578,136.97500610351562,138.3000030517578,969
2020-10-15,138.9250030517578,139.0500030517578,138.0,138.125,952
2020-10-16,138.10000610351562,138.9499969482422,137.60000610351562,138.5,600
2020-10-19,134.60000610351562,137.9499969482422,134.10000610351562,137.9499969482422,1063
2020-10-20,134.5,134.8000030517578,131.72500610351562,134.0,828
2020-10-21,134.39999389648438,135.5,133.9499969482422,133.9499969482422,167
2020-10-22,133.8249969482422,134.5,132.375,133.97500610351562,656
2020-10-23,133.52499389648438,134.4499969482422,133.1999969482422,133.77499389648438,458
2020-10-26,133.6999969482422,134.125,133.0,133.10000610351562,215
2020-10-27,134.3000030517578,134.5,133.4499969482422,133.5,634
2020-10-28,135.1750030517578,135.39999389648438,134.39999389648438,134.39999389648438,233
2020-10-29,136.4499969482422,136.8000030517578,135.5,135.5,2063
2020-10-30,137.39999389648438,137.89999389648438,135.4250030517578,136.35000610351562,1233
2020-11-02,136.97500610351562,138.25,135.5,137.8249969482422,1285
2020-11-03,136.125,137.35000610351562,135.75,137.27499389648438,865
2020-11-04,137.6999969482422,137.875,135.22500610351562,136.64999389648438,910
2020-11-05,137.5749969482422,138.5,136.60000610351562,137.6999969482422,852
2020-11-06,137.6999969482422,138.39999389648438,137.0,137.27499389648438,767
2020-11-09,141.625,141.875,138.3000030517578,138.3000030517578,1834
2020-11-10,140.85000610351562,141.9499969482422,140.1999969482422,141.3000030517578,1100
2020-11-11,140.60000610351562,141.02499389648438,139.52499389648438,140.85000610351562,534
2020-11-12,140.0749969482422,140.6999969482422,139.8249969482422,140.52499389648438,700
2020-11-13,137.47500610351562,140.0,137.35000610351562,140.0,928
2020-11-16,137.27499389648438,137.72500610351562,136.72500610351562,137.3000030517578,468
2020-11-17,137.375,137.75,137.0500030517578,137.60000610351562,578
2020-11-18,137.02499389648438,137.375,136.8249969482422,137.375,402
2020-11-19,136.77499389648438,137.375,136.75,137.10000610351562,5686
2020-11-20,134.60000610351562,135.60000610351562,133.0,135.5,5310
2020-11-23,137.8249969482422,138.375,135.22500610351562,135.375,4547
2020-11-24,138.60000610351562,139.5749969482422,138.0,138.0749969482422,4901
2020-11-25,140.1750030517578,140.5749969482422,138.6750030517578,138.89999389648438,3966
2020-11-27,139.8249969482422,140.97500610351562,139.39999389648438,139.625,2718
2020-11-30,141.0500030517578,141.25,138.9250030517578,139.39999389648438,5839
2020-12-01,141.64999389648438,143.47500610351562,141.0500030517578,141.0749969482422,6849
2020-12-02,141.8000030517578,142.14999389648438,140.35000610351562,141.5,4659
2020-12-03,139.8000030517578,142.0,139.22500610351562,141.72500610351562,4664
2020-12-04,139.77499389648438,140.125,138.39999389648438,139.60000610351562,4655
2020-12-07,137.8000030517578,139.47500610351562,137.5500030517578,139.25,7301
2020-12-08,137.5749969482422,138.4250030517578,136.8249969482422,137.60000610351562,6088
2020-12-09,137.02499389648438,137.89999389648438,136.5749969482422,137.52499389648438,5731
2020-12-10,137.60000610351562,139.14999389648438,136.77499389648438,136.85000610351562,8018
2020-12-11,139.72500610351562,139.85000610351562,137.25,137.39999389648438,7026
2020-12-14,140.02499389648438,140.625,139.1750030517578,139.6999969482422,4278
2020-12-15,140.10000610351562,140.52499389648438,139.4250030517578,139.47500610351562,3651
2020-12-16,140.85000610351562,141.27499389648438,138.8000030517578,139.60000610351562,4385
2020-12-17,140.97500610351562,141.625,140.5500030517578,140.75,3397
2020-12-18,140.4499969482422,141.0,139.97500610351562,140.9499969482422,4479
2020-12-21,140.625,141.10000610351562,139.27499389648438,139.75,3418
2020-12-22,139.89999389648438,141.02499389648438,139.64999389648438,140.75,3147
2020-12-23,140.27499389648438,140.5500030517578,139.0,139.875,2391
2020-12-24,140.9250030517578,141.0749969482422,140.27499389648438,140.4499969482422,1039
2020-12-28,141.0,141.97500610351562,140.52499389648438,140.8249969482422,2185
2020-12-29,139.625,141.3000030517578,139.3249969482422,141.0,2099
2020-12-30,138.52499389648438,139.6750030517578,137.8000030517578,139.5,2195
2020-12-31,138.9499969482422,139.4499969482422,138.0500030517578,138.52499389648438,1299
2021-01-04,134.9499969482422,138.8000030517578,134.5,138.5500030517578,3069
2021-01-05,136.6750030517578,137.6999969482422,133.75,134.25,2132
2021-01-06,135.77499389648438,136.625,135.02499389648438,136.25,1076
2021-01-07,136.6999969482422,137.3249969482422,135.39999389648438,135.5,974
2021-01-08,135.8249969482422,136.77499389648438,135.5749969482422,136.3000030517578,1223
2021-01-11,136.0,136.47500610351562,134.6999969482422,135.85000610351562,925
2021-01-12,133.22500610351562,136.0,133.0749969482422,135.97500610351562,1924
2021-01-13,133.5749969482422,134.1750030517578,132.0,132.64999389648438,1262
2021-01-14,132.60000610351562,133.89999389648438,132.25,133.5,711
2021-01-15,134.5749969482422,135.1999969482422,132.52499389648438,132.52499389648438,783
2021-01-19,134.39999389648438,136.0,133.6999969482422,133.875,928
2021-01-20,135.3000030517578,135.875,134.5500030517578,135.10000610351562,437
2021-01-21,135.875,135.9499969482422,134.3000030517578,134.64999389648438,677
2021-01-22,137.25,138.8000030517578,135.875,136.0,963
2021-01-25,136.5500030517578,137.0,136.0749969482422,136.875,628
2021-01-26,135.64999389648438,136.35000610351562,135.52499389648438,136.35000610351562,688
2021-01-27,135.625,135.8000030517578,135.22500610351562,135.3000030517578,522
2021-01-28,135.6999969482422,136.0,135.60000610351562,135.6999969482422,2508
2021-01-29,137.72500610351562,141.85000610351562,137.39999389648438,139.6750030517578,5454
2021-02-01,137.9250030517578,138.5,136.8000030517578,138.125,3445
2021-02-02,139.125,139.3000030517578,138.0,138.5,3006
2021-02-03,138.52499389648438,140.3000030517578,138.25,139.0,3037
2021-02-04,139.5,139.85000610351562,137.9499969482422,138.0,3045
2021-02-05,138.27499389648438,139.4250030517578,138.14999389648438,139.39999389648438,5042
2021-02-08,137.4499969482422,138.8000030517578,137.1999969482422,138.3249969482422,4809
2021-02-09,138.64999389648438,140.875,137.3000030517578,137.3000030517578,6757
2021-02-10,139.5,139.89999389648438,137.4499969482422,139.1999969482422,4705
2021-02-11,139.14999389648438,140.3249969482422,138.89999389648438,139.02499389648438,4685
2021-02-12,140.85000610351562,141.8249969482422,139.1750030517578,139.77499389648438,4393
2021-02-16,140.77499389648438,142.1750030517578,139.9499969482422,140.8249969482422,3658
2021-02-17,138.4250030517578,141.14999389648438,138.14999389648438,140.25,4435
2021-02-18,138.1999969482422,139.39999389648438,138.0,138.4499969482422,4081
2021-02-19,139.125,139.75,138.35000610351562,138.39999389648438,2885
2021-02-22,139.3249969482422,139.8249969482422,138.25,138.60000610351562,2773
2021-02-23,138.5749969482422,139.89999389648438,138.0,139.3249969482422,2516
2021-02-24,140.375,140.4250030517578,138.1999969482422,138.1999969482422,2760
2021-02-25,140.4250030517578,140.9250030517578,139.5749969482422,140.5,1636
2021-02-26,138.6750030517578,140.375,138.0500030517578,140.25,1975
2021-03-01,137.1999969482422,138.5,136.89999389648438,138.5,1725
2021-03-02,136.52499389648438,136.85000610351562,135.25,136.77499389648438,1893
2021-03-03,137.0,137.27499389648438,135.875,136.0,1910
2021-03-04,135.10000610351562,137.0500030517578,134.625,136.77499389648438,1871
2021-03-05,134.60000610351562,135.72500610351562,133.64999389648438,135.25,2042
2021-03-08,135.35000610351562,135.77499389648438,134.22500610351562,134.22500610351562,1621
2021-03-09,137.14999389648438,137.35000610351562,135.47500610351562,135.5,1772
2021-03-10,136.1999969482422,137.39999389648438,135.64999389648438,137.10000610351562,1087
2021-03-11,135.25,136.10000610351562,134.72500610351562,135.9250030517578,991
2021-03-12,136.35000610351562,136.9250030517578,134.89999389648438,135.0,813
2021-03-15,137.02499389648438,137.27499389648438,136.22500610351562,136.3000030517578,530
2021-03-16,136.5749969482422,137.25,136.47500610351562,137.0,481
2021-03-17,136.9250030517578,137.1750030517578,136.125,137.0,539
2021-03-18,135.52499389648438,137.5500030517578,135.39999389648438,137.3000030517578,1017
2021-03-19,134.6750030517578,136.10000610351562,134.52499389648438,135.97500610351562,1002
2021-03-22,135.0749969482422,135.22500610351562,134.625,134.8000030517578,318
2021-03-23,135.4499969482422,135.60000610351562,134.97500610351562,135.25,491
2021-03-24,135.77499389648438,136.125,135.5749969482422,135.5749969482422,526
2021-03-25,136.14999389648438,136.1999969482422,135.875,135.875,3092
2021-03-26,145.125,145.3000030517578,144.1750030517578,144.89999389648438,2100
2021-03-29,147.0749969482422,148.1750030517578,144.6999969482422,144.9499969482422,2115
2021-03-30,146.8249969482422,147.875,146.5,147.1999969482422,1523
2021-03-31,143.875,146.1999969482422,141.875,146.1999969482422,2939
2021-04-01,143.875,144.85000610351562,143.25,143.8000030517578,1014
2021-04-05,146.4499969482422,147.3000030517578,144.0,144.0,1288
2021-04-06,146.47500610351562,147.10000610351562,146.0500030517578,146.10000610351562,705
2021-04-07,147.625,147.72500610351562,146.1999969482422,146.6999969482422,784
2021-04-08,147.125,148.0500030517578,146.39999389648438,147.3249969482422,1334
2021-04-09,144.75,147.14999389648438,144.5,146.875,1415
2021-04-12,144.5,145.6750030517578,143.875,145.64999389648438,1154
2021-04-13,142.4499969482422,144.5749969482422,142.25,144.1999969482422,1445
2021-04-14,141.14999389648438,142.25,140.64999389648438,142.14999389648438,1193
2021-04-15,140.0500030517578,141.6999969482422,140.0,141.0,623
2021-04-16,139.625,140.25,139.375,140.1999969482422,406
2021-04-19,137.72500610351562,139.64999389648438,137.14999389648438,139.64999389648438,522
2021-04-20,137.5749969482422,138.14999389648438,135.875,137.60000610351562,553
2021-04-21,135.10000610351562,137.77499389648438,134.625,137.75,485
2021-04-22,132.25,134.9499969482422,132.1999969482422,134.625,526
2021-04-23,133.85000610351562,134.47500610351562,132.89999389648438,134.0,372
2021-04-26,132.75,134.0,132.5500030517578,134.0,403
2021-04-27,134.1999969482422,134.77499389648438,132.60000610351562,133.0,430
2021-04-28,133.875,134.52499389648438,133.8000030517578,134.47500610351562,237
2021-04-29,134.47500610351562,134.8000030517578,134.1999969482422,134.1999969482422,1743
2021-04-30,133.60000610351562,136.47500610351562,132.97500610351562,136.0,2215
2021-05-03,133.0500030517578,133.8000030517578,130.8249969482422,132.0500030517578,1868
2021-05-04,129.75,133.0749969482422,128.75,133.0749969482422,1812
2021-05-05,131.47500610351562,131.85000610351562,128.64999389648438,130.0,1578
2021-05-06,130.47500610351562,131.9250030517578,128.5,131.14999389648438,1874
2021-05-07,131.72500610351562,134.35000610351562,130.1750030517578,130.22500610351562,2200
2021-05-10,135.4499969482422,135.77499389648438,132.97500610351562,132.97500610351562,1515
2021-05-11,135.3249969482422,136.0,134.52499389648438,135.1999969482422,1013
2021-05-12,136.75,137.0749969482422,134.9250030517578,134.9499969482422,810
2021-05-13,137.4499969482422,139.375,136.02499389648438,137.72500610351562,1213
2021-05-14,137.5500030517578,137.9250030517578,136.60000610351562,137.02499389648438,530
2021-05-17,137.9250030517578,138.1750030517578,136.875,137.5,718
2021-05-18,137.1999969482422,138.72500610351562,136.3249969482422,137.97500610351562,527
2021-05-19,136.5749969482422,137.9499969482422,136.4499969482422,137.5,454
2021-05-20,135.75,136.5749969482422,135.14999389648438,136.5749969482422,591
2021-05-21,137.22500610351562,137.3249969482422,136.22500610351562,136.39999389648438,571
2021-05-24,136.27499389648438,136.60000610351562,136.1999969482422,136.39999389648438,562
2021-05-25,136.625,136.72500610351562,136.3249969482422,136.5,569
2021-05-26,136.5,136.8000030517578,136.3000030517578,136.5,338
2021-05-27,136.3000030517578,136.5749969482422,136.0749969482422,136.5,4698
2021-05-28,151.35000610351562,153.89999389648438,151.1999969482422,153.4250030517578,3457
2021-06-01,149.14999389648438,150.25,145.10000610351562,149.10000610351562,8950
2021-06-02,152.3249969482422,153.0500030517578,148.4499969482422,150.60000610351562,4977
2021-06-03,152.9499969482422,153.35000610351562,151.02499389648438,152.1999969482422,3216
2021-06-04,149.9250030517578,152.75,149.1999969482422,152.6999969482422,4037
2021-06-07,150.1999969482422,150.60000610351562,147.4250030517578,148.5,3636
2021-06-08,149.25,150.4250030517578,147.9499969482422,150.22500610351562,3599
2021-06-09,148.27499389648438,150.89999389648438,147.5,149.8000030517578,3939
2021-06-10,148.39999389648438,148.8000030517578,146.75,147.75,4157
2021-06-11,151.1750030517578,151.89999389648438,148.875,149.39999389648438,4805
2021-06-14,154.60000610351562,154.75,152.6750030517578,153.1750030517578,4174
2021-06-15,156.8249969482422,157.39999389648438,154.72500610351562,154.8249969482422,5770
2021-06-16,157.6999969482422,158.10000610351562,155.6999969482422,156.1750030517578,4596
2021-06-17,157.39999389648438,160.14999389648438,156.75,158.3000030517578,5766
2021-06-18,155.02499389648438,157.6999969482422,154.89999389648438,156.25,4081
2021-06-21,155.10000610351562,156.375,153.60000610351562,156.0749969482422,2816
2021-06-22,158.35000610351562,159.5,155.22500610351562,155.25,5054
2021-06-23,155.6999969482422,159.35000610351562,155.4250030517578,158.39999389648438,3775
2021-06-24,157.14999389648438,157.60000610351562,155.8249969482422,157.25,2732
2021-06-25,159.5500030517578,159.6750030517578,156.47500610351562,157.02499389648438,2942
2021-06-28,156.35000610351562,159.64999389648438,156.0500030517578,159.625,5227
2021-06-29,157.39999389648438,158.14999389648438,155.39999389648438,156.6999969482422,3875
2021-06-30,154.625,158.625,153.625,157.875,7567
2021-07-01,156.3249969482422,157.77499389648438,152.1999969482422,153.14999389648438,6085
2021-07-02,157.0500030517578,158.3249969482422,155.9250030517578,156.5500030517578,3726
2021-07-06,160.625,160.9250030517578,157.75,158.1750030517578,5191
2021-07-07,159.0,161.10000610351562,158.3000030517578,160.5,5175
2021-07-08,157.3249969482422,159.35000610351562,156.75,159.27499389648438,5441
2021-07-09,159.1750030517578,159.77499389648438,156.875,157.5749969482422,5798
2021-07-12,158.14999389648438,159.14999389648438,157.60000610351562,158.97500610351562,5555
2021-07-13,158.8249969482422,159.375,157.3000030517578,158.0,5889
2021-07-14,156.9499969482422,159.3249969482422,156.3000030517578,159.14999389648438,5977
2021-07-15,157.375,158.27499389648438,156.52499389648438,157.0749969482422,4033
2021-07-16,155.625,157.52499389648438,155.5,157.0,3999
2021-07-19,157.375,157.875,154.10000610351562,155.35000610351562,5516
2021-07-20,155.52499389648438,156.9499969482422,155.1750030517578,156.8000030517578,4306
2021-07-21,156.77499389648438,156.97500610351562,154.77499389648438,155.14999389648438,2911
2021-07-22,158.1999969482422,159.3000030517578,157.3249969482422,157.5,2936
2021-07-23,160.0749969482422,160.35000610351562,158.0749969482422,158.3000030517578,3253
2021-07-26,162.1999969482422,163.14999389648438,160.35000610351562,160.4499969482422,3358
2021-07-27,160.6999969482422,162.47500610351562,160.5,161.85000610351562,3086
2021-07-28,160.1750030517578,161.02499389648438,159.6999969482422,160.75,2145
2021-07-29,158.5,160.27499389648438,158.3000030517578,160.27499389648438,1695
2021-07-30,158.1750030517578,159.1750030517578,157.60000610351562,159.02499389648438,1447
2021-08-02,158.25,159.9250030517578,157.875,158.8249969482422,1395
2021-08-03,158.89999389648438,160.0,158.125,158.72500610351562,1488
2021-08-04,159.1999969482422,159.85000610351562,158.4250030517578,159.3249969482422,1350
2021-08-05,157.64999389648438,159.3000030517578,157.35000610351562,159.125,1893
2021-08-06,159.85000610351562,160.1750030517578,156.8000030517578,157.85000610351562,2001
2021-08-09,159.3000030517578,160.22500610351562,158.625,160.22500610351562,1131
2021-08-10,159.3249969482422,160.0500030517578,158.625,159.35000610351562,744
2021-08-11,158.77499389648438,159.35000610351562,158.375,159.0,771
2021-08-12,158.6999969482422,159.77499389648438,157.3249969482422,158.5,1109
2021-08-13,158.0500030517578,158.75,157.77499389648438,158.6750030517578,527
2021-08-16,157.1999969482422,158.47500610351562,157.0,158.1999969482422,968
2021-08-17,156.5749969482422,157.39999389648438,156.5500030517578,157.1999969482422,770
2021-08-18,158.85000610351562,159.14999389648438,156.5500030517578,156.75,687
2021-08-19,158.27499389648438,158.5,157.625,158.4250030517578,579
2021-08-20,159.02499389648438,159.39999389648438,157.64999389648438,157.85000610351562,842
2021-08-23,158.1999969482422,158.89999389648438,157.5,158.3000030517578,1614
2021-08-24,158.5749969482422,159.0,157.9499969482422,158.4499969482422,1224
2021-08-25,159.3000030517578,159.6999969482422,158.8000030517578,159.0,920
2021-08-26,159.4499969482422,159.5500030517578,158.85000610351562,159.1750030517578,2356
2021-08-27,164.64999389648438,165.35000610351562,163.5749969482422,165.125,1835
2021-08-30,164.0500030517578,165.39999389648438,163.875,164.5500030517578,1755
2021-08-31,163.0,164.6750030517578,162.8000030517578,164.375,2199
2021-09-01,162.9250030517578,163.8000030517578,162.47500610351562,162.85000610351562,1701
2021-09-02,160.3000030517578,162.9250030517578,159.47500610351562,162.8249969482422,2972
2021-09-03,158.47500610351562,161.0500030517578,158.14999389648438,160.75,1753
2021-09-07,156.27499389648438,159.22500610351562,155.6999969482422,158.97500610351562,1820
2021-09-08,156.0500030517578,157.6999969482422,155.77499389648438,156.35000610351562,1454
2021-09-09,155.75,156.97500610351562,155.5,156.0749969482422,678
2021-09-10,154.25,155.89999389648438,153.25,155.75,1507
2021-09-13,152.1999969482422,153.77499389648438,151.5,152.89999389648438,1009
2021-09-14,155.27499389648438,155.60000610351562,152.5,152.5,921
2021-09-15,154.72500610351562,155.9499969482422,154.625,155.5,740
2021-09-16,155.875,156.125,154.0749969482422,154.5,571
2021-09-17,154.875,155.625,154.47500610351562,155.5,228
2021-09-20,155.0,155.39999389648438,153.77499389648438,154.1750030517578,327
2021-09-21,154.85000610351562,155.875,154.6999969482422,155.47500610351562,344
2021-09-22,154.8000030517578,155.10000610351562,154.5500030517578,154.9499969482422,756
2021-09-23,154.89999389648438,155.5500030517578,154.77499389648438,155.375,567
2021-09-24,154.625,155.02499389648438,154.47500610351562,154.8000030517578,530
2021-09-27,154.25,154.8000030517578,154.125,154.5,445
2021-09-28,154.39999389648438,154.64999389648438,154.0500030517578,154.25,311
2021-09-29,154.27499389648438,154.4499969482422,153.75,154.0,512
2021-09-30,153.9250030517578,154.3000030517578,153.89999389648438,154.1999969482422,2192
2021-10-01,152.75,153.89999389648438,152.5,153.02499389648438,1063
2021-10-04,155.0,155.52499389648438,152.52499389648438,153.0,1003
2021-10-05,156.10000610351562,157.47500610351562,155.0,155.27499389648438,1876
2021-10-06,156.8000030517578,157.10000610351562,155.10000610351562,155.97500610351562,994
2021-10-07,160.35000610351562,160.39999389648438,157.02499389648438,157.02499389648438,1937
2021-10-08,159.47500610351562,160.60000610351562,159.35000610351562,160.0,1236
2021-10-11,159.3249969482422,159.64999389648438,158.875,159.22500610351562,965
2021-10-12,158.5749969482422,159.39999389648438,158.25,159.22500610351562,905
2021-10-13,157.64999389648438,158.5749969482422,157.52499389648438,158.4499969482422,875
2021-10-14,158.4250030517578,158.5,157.22500610351562,157.60000610351562,561
2021-10-15,157.5749969482422,158.22500610351562,157.3000030517578,158.1999969482422,425
2021-10-18,155.75,157.5749969482422,155.64999389648438,157.5749969482422,443
2021-10-19,155.10000610351562,157.0,155.0,155.8000030517578,487
2021-10-20,155.9250030517578,156.0500030517578,155.0749969482422,155.3000030517578,538
2021-10-21,156.25,157.02499389648438,156.125,156.4250030517578,558
2021-10-22,155.4250030517578,156.35000610351562,155.1750030517578,156.35000610351562,539
2021-10-25,155.625,156.39999389648438,155.4250030517578,156.0,406
2021-10-26,155.97500610351562,156.0500030517578,155.375,155.64999389648438,502
2021-10-27,156.5,156.60000610351562,155.89999389648438,156.14999389648438,475
2021-10-28,156.6750030517578,156.77499389648438,156.0,156.75,1828
2021-10-29,156.5749969482422,158.35000610351562,156.1750030517578,157.75,1856
2021-11-01,154.39999389648438,157.35000610351562,152.72500610351562,156.5749969482422,2638
2021-11-02,157.5749969482422,157.8249969482422,154.39999389648438,154.39999389648438,1478
2021-11-03,159.1750030517578,160.0,157.9499969482422,157.9499969482422,1876
2021-11-04,158.02499389648438,159.3249969482422,157.9499969482422,159.0,1367
2021-11-05,158.875,159.52499389648438,157.5749969482422,158.22500610351562,1457
2021-11-08,158.5749969482422,158.9250030517578,157.77499389648438,158.5,1263
2021-11-09,157.89999389648438,158.6999969482422,157.625,158.6999969482422,892
2021-11-10,156.64999389648438,157.5749969482422,156.3249969482422,157.3000030517578,907
2021-11-11,157.3249969482422,157.60000610351562,156.4499969482422,156.64999389648438,719
2021-11-12,156.25,157.5500030517578,155.64999389648438,157.3249969482422,773
2021-11-15,155.9250030517578,156.1999969482422,155.625,156.1999969482422,820
2021-11-16,155.64999389648438,156.25,155.5500030517578,155.85000610351562,712
2021-11-17,156.0749969482422,156.1999969482422,155.47500610351562,155.8000030517578,1001
2021-11-18,155.9250030517578,156.0749969482422,155.8249969482422,156.0749969482422,6035
2021-11-19,160.9250030517578,162.0749969482422,160.75,161.47500610351562,4132
2021-11-22,161.6999969482422,161.97500610351562,160.10000610351562,160.77499389648438,3024
2021-11-23,164.375,164.75,161.85000610351562,161.97500610351562,6067
2021-11-24,166.9250030517578,167.22500610351562,164.22500610351562,164.6750030517578,5632
2021-11-26,167.14999389648438,168.1750030517578,164.0,164.0749969482422,5536
2021-11-29,165.72500610351562,168.3000030517578,165.1750030517578,167.5,6511
2021-11-30,164.85000610351562,167.10000610351562,163.375,165.1999969482422,7207
2021-12-01,165.8249969482422,166.5,164.9250030517578,165.0,4498
2021-12-02,165.77499389648438,165.9250030517578,164.9499969482422,165.39999389648438,4289
2021-12-03,164.125,166.6999969482422,163.1999969482422,165.89999389648438,4573
2021-12-06,165.25,165.5749969482422,162.8249969482422,164.0,5259
2021-12-07,165.02499389648438,165.6999969482422,164.25,165.27499389648438,4263
2021-12-08,163.39999389648438,164.97500610351562,163.02499389648438,164.97500610351562,4473
2021-12-09,164.0749969482422,164.3249969482422,163.0,163.39999389648438,5872
2021-12-10,164.875,165.5,163.72500610351562,164.0,4443
2021-12-13,165.52499389648438,166.0749969482422,163.89999389648438,164.89999389648438,4654
2021-12-14,164.5749969482422,165.85000610351562,164.3000030517578,165.375,3026
2021-12-15,163.4250030517578,164.6999969482422,163.1999969482422,164.5,3482
2021-12-16,162.5749969482422,163.77499389648438,161.5,163.77499389648438,4540
2021-12-17,160.25,162.89999389648438,160.0500030517578,162.75,4596
2021-12-20,159.22500610351562,159.97500610351562,158.39999389648438,159.89999389648438,3054
2021-12-21,160.85000610351562,161.35000610351562,159.1999969482422,159.5,3073
2021-12-22,161.77499389648438,162.14999389648438,160.02499389648438,160.5500030517578,2815
2021-12-23,163.4499969482422,163.72500610351562,161.10000610351562,161.5749969482422,1818
2021-12-27,162.39999389648438,163.5,161.875,163.25,1789
2021-12-28,163.5500030517578,164.10000610351562,162.625,162.75,1935
2021-12-29,165.875,166.0,164.22500610351562,164.22500610351562,1965
2021-12-30,166.3249969482422,167.0,165.5,165.9499969482422,1134
2021-12-31,166.875,167.5500030517578,165.9250030517578,166.5,672
2022-01-03,166.25,167.35000610351562,166.02499389648438,166.60000610351562,926
2022-01-04,162.6750030517578,165.5500030517578,161.60000610351562,165.5500030517578,2625
2022-01-05,162.125,162.89999389648438,161.5,162.60000610351562,1200
2022-01-06,162.5749969482422,162.9499969482422,160.875,161.9250030517578,889
2022-01-07,162.10000610351562,162.75,161.6750030517578,162.625,1153
2022-01-10,160.9250030517578,162.25,160.8000030517578,162.0,1159
2022-01-11,162.0749969482422,162.6750030517578,160.60000610351562,160.9499969482422,1022
2022-01-12,161.875,162.625,161.0500030517578,162.3000030517578,781
2022-01-13,162.9250030517578,162.97500610351562,161.5749969482422,161.89999389648438,804
2022-01-14,162.6999969482422,163.22500610351562,162.02499389648438,162.6999969482422,766
2022-01-18,161.4499969482422,162.47500610351562,161.14999389648438,162.0,698
2022-01-19,161.39999389648438,161.97500610351562,160.8249969482422,161.14999389648438,732
2022-01-20,161.1750030517578,161.8000030517578,160.9250030517578,161.60000610351562,663
2022-01-21,160.27499389648438,161.1999969482422,160.1750030517578,161.1999969482422,500
2022-01-24,158.47500610351562,159.85000610351562,157.64999389648438,159.72500610351562,1048
2022-01-25,158.5500030517578,158.6999969482422,158.1999969482422,158.39999389648438,386
2022-01-26,158.72500610351562,158.89999389648438,158.3249969482422,158.4499969482422,486
2022-01-27,158.9250030517578,159.125,158.75,159.125,3855
2022-01-28,159.625,160.625,158.625,159.5500030517578,5268
2022-01-31,163.02499389648438,163.25,159.75,159.875,7188
2022-02-01,163.6999969482422,164.14999389648438,162.22500610351562,163.5,5422
2022-02-02,166.875,167.22500610351562,163.72500610351562,163.89999389648438,8092
2022-02-03,166.72500610351562,167.9499969482422,166.10000610351562,166.875,4344
2022-02-04,166.10000610351562,167.1750030517578,165.72500610351562,166.35000610351562,3723
2022-02-07,165.02499389648438,166.0749969482422,164.4499969482422,165.4499969482422,5670
2022-02-08,166.875,167.3000030517578,164.3000030517578,165.25,5048
2022-02-09,168.27499389648438,168.85000610351562,166.625,166.89999389648438,6558
2022-02-10,166.72500610351562,169.0,166.52499389648438,167.875,5987
2022-02-11,166.22500610351562,168.60000610351562,166.0500030517578,166.5,4537
2022-02-14,166.875,167.8000030517578,165.6999969482422,166.14999389648438,4310
2022-02-15,168.72500610351562,169.375,167.14999389648438,167.1999969482422,5502
2022-02-16,167.4499969482422,168.77499389648438,166.89999389648438,168.4250030517578,3740
2022-02-17,166.1999969482422,167.39999389648438,165.89999389648438,167.39999389648438,3202
2022-02-18,165.4250030517578,166.22500610351562,165.1750030517578,166.22500610351562,3329
2022-02-22,164.22500610351562,165.72500610351562,163.25,165.125,4453
2022-02-23,162.77499389648438,164.3249969482422,162.625,164.22500610351562,4908
2022-02-24,159.10000610351562,160.3000030517578,156.52499389648438,160.0,8051
2022-02-25,160.02499389648438,162.35000610351562,159.3000030517578,161.85000610351562,3163
2022-02-28,157.72500610351562,159.85000610351562,156.22500610351562,158.10000610351562,3802
2022-03-01,156.27499389648438,157.85000610351562,156.0,156.10000610351562,2557
2022-03-02,158.3000030517578,159.1750030517578,156.6999969482422,156.6999969482422,1909
2022-03-03,156.35000610351562,157.77499389648438,155.9250030517578,157.5,1369
2022-03-04,153.125,155.77499389648438,150.1750030517578,154.52499389648438,2460
2022-03-07,154.60000610351562,155.8000030517578,152.3249969482422,153.22500610351562,1750
2022-03-08,154.02499389648438,155.625,152.625,154.1999969482422,2538
2022-03-09,154.0500030517578,155.02499389648438,153.5500030517578,155.02499389648438,959
2022-03-10,151.64999389648438,153.8000030517578,151.3249969482422,152.77499389648438,1397
2022-03-11,153.27499389648438,153.9250030517578,152.0,152.0500030517578,939
2022-03-14,155.9499969482422,156.6999969482422,153.64999389648438,154.3000030517578,1481
2022-03-15,156.35000610351562,157.14999389648438,155.64999389648438,157.0,841
2022-03-16,157.25,157.9499969482422,156.5,156.85000610351562,1099
2022-03-17,156.5500030517578,157.1999969482422,156.25,157.0,601
2022-03-18,157.0,157.6999969482422,156.39999389648438,156.39999389648438,578
2022-03-21,156.10000610351562,157.1999969482422,155.4250030517578,156.875,581
2022-03-22,156.3249969482422,157.35000610351562,156.02499389648438,156.60000610351562,373
2022-03-23,156.10000610351562,156.4499969482422,155.22500610351562,156.0,936
2022-03-24,156.77499389648438,157.0749969482422,156.22500610351562,156.52499389648438,633
2022-03-25,156.4250030517578,156.9499969482422,156.3000030517578,156.77499389648438,624
2022-03-28,156.10000610351562,156.4499969482422,155.97500610351562,156.39999389648438,573
2022-03-29,156.6999969482422,156.89999389648438,156.3000030517578,156.4250030517578,761
2022-03-30,155.97500610351562,156.60000610351562,155.875,156.5,703
2022-03-31,155.89999389648438,156.125,155.8249969482422,156.0500030517578,1364
2022-04-01,161.5749969482422,162.5749969482422,160.9250030517578,162.02499389648438,893
2022-04-04,158.375,161.6999969482422,158.0,161.14999389648438,1504
2022-04-05,156.125,157.75,155.14999389648438,157.60000610351562,2191
2022-04-06,157.10000610351562,157.3249969482422,155.0749969482422,156.60000610351562,1129
2022-04-07,156.39999389648438,158.1750030517578,156.02499389648438,157.47500610351562,1355
2022-04-08,156.5500030517578,157.6750030517578,156.10000610351562,156.47500610351562,757
2022-04-11,156.64999389648438,157.0,154.25,156.3249969482422,831
2022-04-12,157.75,158.0500030517578,156.0,156.5749969482422,906
2022-04-13,158.5500030517578,159.5,158.35000610351562,158.35000610351562,757
2022-04-14,158.1999969482422,158.72500610351562,157.6999969482422,158.0,512
2022-04-18,155.77499389648438,157.64999389648438,155.35000610351562,157.5500030517578,973
2022-04-19,156.64999389648438,157.0,155.89999389648438,156.22500610351562,660
2022-04-20,157.5,158.0,156.75,156.75,771
2022-04-21,158.4499969482422,158.5,157.47500610351562,157.64999389648438,788
2022-04-22,157.9499969482422,159.3000030517578,157.5500030517578,157.60000610351562,905
2022-04-25,156.5500030517578,157.39999389648438,156.27499389648438,157.39999389648438,1218
2022-04-26,156.1999969482422,156.64999389648438,155.9250030517578,156.5,1054
2022-04-27,156.1999969482422,156.77499389648438,156.14999389648438,156.5,796
2022-04-28,155.9250030517578,156.14999389648438,155.5,156.0500030517578,2929
2022-04-29,156.35000610351562,159.4499969482422,156.22500610351562,158.35000610351562,3015
2022-05-02,161.4250030517578,161.875,157.875,158.125,2323
2022-05-03,162.39999389648438,162.625,160.4499969482422,161.125,2086
2022-05-04,162.25,162.85000610351562,161.5,161.9499969482422,1519
2022-05-05,160.3249969482422,162.0,159.8249969482422,162.0,1269
2022-05-06,159.5500030517578,161.10000610351562,159.10000610351562,160.3249969482422,1503
2022-05-09,159.8000030517578,159.9499969482422,157.3249969482422,159.75,1268
2022-05-10,158.9250030517578,160.39999389648438,158.8000030517578,159.625,917
2022-05-11,158.14999389648438,159.375,157.35000610351562,158.8000030517578,1212
2022-05-12,156.875,158.35000610351562,156.64999389648438,158.1999969482422,1139
2022-05-13,157.875,158.60000610351562,156.6999969482422,156.97500610351562,847
2022-05-16,157.39999389648438,157.5,156.72500610351562,156.77499389648438,649
2022-05-17,157.1750030517578,157.8249969482422,157.02499389648438,157.375,849
2022-05-18,155.85000610351562,156.85000610351562,155.5500030517578,156.5500030517578,1350
2022-05-19,154.125,155.14999389648438,154.0500030517578,155.0749969482422,1453
2022-05-20,153.39999389648438,154.25,153.22500610351562,153.9499969482422,1367
2022-05-23,153.4499969482422,153.6750030517578,153.0,153.10000610351562,838
2022-05-24,154.5,154.60000610351562,153.60000610351562,153.60000610351562,1018
2022-05-25,154.60000610351562,155.125,154.4250030517578,154.85000610351562,1118
2022-05-26,154.5749969482422,154.77499389648438,154.3249969482422,154.60000610351562,3605
2022-05-27,166.3249969482422,167.4499969482422,165.6999969482422,166.625,3348
2022-05-31,165.125,168.375,164.75,166.77499389648438,6216
2022-06-01,169.72500610351562,170.22500610351562,165.02499389648438,165.27499389648438,8198
2022-06-02,172.9499969482422,173.60000610351562,169.27499389648438,169.72500610351562,8807
2022-06-03,173.875,174.27499389648438,172.14999389648438,173.0,6283
2022-06-06,171.97500610351562,174.1750030517578,171.6999969482422,172.75,5394
2022-06-07,172.4499969482422,172.6750030517578,171.0,171.5,4356
2022-06-08,175.64999389648438,176.5749969482422,171.9250030517578,172.0,7482
2022-06-09,176.02499389648438,176.875,175.5500030517578,175.89999389648438,6607
2022-06-10,174.47500610351562,176.5,174.02499389648438,175.75,5328
2022-06-13,171.3249969482422,173.75,169.39999389648438,173.5,7674
2022-06-14,171.3000030517578,172.8000030517578,170.72500610351562,171.4499969482422,4509
2022-06-15,173.27499389648438,173.85000610351562,172.3000030517578,172.52499389648438,5324
2022-06-16,171.3000030517578,173.0500030517578,170.5500030517578,172.6750030517578,5027
2022-06-17,172.9499969482422,173.6999969482422,170.6999969482422,171.02499389648438,6219
2022-06-21,175.3000030517578,176.10000610351562,174.14999389648438,174.5,7764
2022-06-22,173.14999389648438,175.35000610351562,172.875,174.9499969482422,5848
2022-06-23,174.85000610351562,175.875,173.4499969482422,174.27499389648438,6972
2022-06-24,172.5,174.85000610351562,172.1999969482422,174.1999969482422,6895
2022-06-27,174.125,175.75,172.6750030517578,173.875,6754
2022-06-28,171.8249969482422,173.9499969482422,171.64999389648438,173.35000610351562,6844
2022-06-29,170.72500610351562,172.6750030517578,170.3249969482422,171.64999389648438,6846
2022-06-30,173.60000610351562,174.125,170.5749969482422,171.5,8744
2022-07-01,174.5,175.5749969482422,173.5500030517578,173.60000610351562,8173
2022-07-05,172.6999969482422,176.3249969482422,172.4499969482422,175.0,6647
2022-07-06,173.3000030517578,173.89999389648438,172.0749969482422,173.22500610351562,7525
2022-07-07,172.47500610351562,173.77499389648438,171.60000610351562,173.60000610351562,6594
2022-07-08,171.72500610351562,173.60000610351562,171.52499389648438,172.52499389648438,6947
2022-07-11,174.875,175.27499389648438,170.0,171.1999969482422,9553
2022-07-12,179.5749969482422,179.89999389648438,175.1750030517578,175.3000030517578,11489
2022-07-13,180.8000030517578,181.0,178.1750030517578,179.25,8960
2022-07-14,178.89999389648438,180.35000610351562,178.4499969482422,179.89999389648438,7190
2022-07-15,176.35000610351562,179.02499389648438,176.0749969482422,178.85000610351562,6679
2022-07-18,176.6750030517578,177.22500610351562,175.27499389648438,176.14999389648438,6024
2022-07-19,178.75,179.4499969482422,177.77499389648438,178.0,4748
2022-07-20,177.8249969482422,179.64999389648438,177.625,178.8249969482422,5587
2022-07-21,178.27499389648438,178.6750030517578,176.375,178.6750030517578,5248
2022-07-22,181.5500030517578,181.8249969482422,178.3249969482422,178.5500030517578,5524
2022-07-25,179.3000030517578,181.1750030517578,178.6999969482422,179.60000610351562,3855
2022-07-26,177.4250030517578,178.5749969482422,177.0,178.3000030517578,2626
2022-07-27,179.10000610351562,179.35000610351562,177.0,177.0,1953
2022-07-28,177.4250030517578,178.64999389648438,177.3000030517578,178.47500610351562,1490
2022-07-29,178.5749969482422,178.9499969482422,175.75,176.85000610351562,2311
2022-08-01,179.64999389648438,180.3249969482422,179.125,179.4499969482422,1449
2022-08-02,178.125,180.14999389648438,177.89999389648438,179.89999389648438,1817
2022-08-03,179.35000610351562,179.625,177.77499389648438,178.0,1576
2022-08-04,179.0749969482422,179.6999969482422,177.89999389648438,179.14999389648438,1176
2022-08-05,179.52499389648438,180.6999969482422,178.9499969482422,179.1750030517578,1546
2022-08-08,181.27499389648438,181.9499969482422,179.77499389648438,179.8249969482422,2244
2022-08-09,178.8000030517578,180.35000610351562,178.5,180.3000030517578,1812
2022-08-10,180.6750030517578,181.0749969482422,178.64999389648438,179.3000030517578,1542
2022-08-11,179.9499969482422,181.0500030517578,179.1750030517578,180.6750030517578,1358
2022-08-12,179.625,181.1750030517578,179.125,180.27499389648438,1430
2022-08-15,179.9250030517578,181.39999389648438,179.0,180.60000610351562,1239
2022-08-16,181.52499389648438,182.5,180.1999969482422,180.1999969482422,1529
2022-08-17,183.25,183.72500610351562,181.125,181.8000030517578,1293
2022-08-18,181.52499389648438,183.3249969482422,181.27499389648438,183.14999389648438,1170
2022-08-19,181.5,182.0749969482422,180.85000610351562,181.35000610351562,845
2022-08-22,181.39999389648438,181.875,181.0500030517578,181.0500030517578,1039
2022-08-23,180.89999389648438,181.4250030517578,180.5,181.0749969482422,783
2022-08-24,181.22500610351562,181.64999389648438,180.5,180.60000610351562,662
2022-08-25,181.875,181.89999389648438,181.3249969482422,181.3249969482422,3101
2022-08-26,182.1999969482422,184.60000610351562,181.89999389648438,184.3249969482422,2193
2022-08-29,179.9250030517578,181.625,179.52499389648438,181.5,3261
2022-08-30,182.1750030517578,182.64999389648438,180.85000610351562,181.3000030517578,2390
2022-08-31,182.4499969482422,183.0,182.0749969482422,182.77499389648438,1672
2022-09-01,183.14999389648438,184.14999389648438,182.625,182.6999969482422,1197
2022-09-02,183.875,184.0500030517578,182.22500610351562,182.9250030517578,1856
2022-09-06,184.1750030517578,185.3000030517578,183.4250030517578,183.4250030517578,2166
2022-09-07,182.02499389648438,183.97500610351562,181.8000030517578,183.5,2657
2022-09-08,182.3249969482422,182.875,181.4250030517578,182.8000030517578,1303
2022-09-09,183.0,183.64999389648438,182.22500610351562,182.64999389648438,1859
2022-09-12,181.52499389648438,183.625,181.0,182.72500610351562,1637
2022-09-13,179.4499969482422,181.72500610351562,178.5,181.52499389648438,1613
2022-09-14,179.97500610351562,180.47500610351562,178.8000030517578,179.4499969482422,1050
2022-09-15,179.35000610351562,179.85000610351562,178.9250030517578,179.64999389648438,693
2022-09-16,179.1999969482422,179.47500610351562,178.3000030517578,179.0,769
2022-09-19,179.9499969482422,180.02499389648438,178.89999389648438,179.4499969482422,841
2022-09-20,178.8000030517578,180.35000610351562,178.64999389648438,179.60000610351562,954
2022-09-21,178.1750030517578,179.52499389648438,178.0500030517578,178.77499389648438,661
2022-09-22,178.1999969482422,178.97500610351562,178.0500030517578,178.60000610351562,702
2022-09-23,178.125,178.8000030517578,177.5749969482422,178.6999969482422,672
2022-09-26,176.875,178.60000610351562,176.75,177.9499969482422,824
2022-09-27,175.6999969482422,177.0,175.0500030517578,177.0,824
2022-09-28,175.375,175.97500610351562,174.9250030517578,175.6999969482422,634
2022-09-29,175.97500610351562,176.0749969482422,175.3249969482422,175.375,3132
2022-09-30,174.1750030517578,178.1999969482422,174.0,177.4250030517578,2786
2022-10-03,175.52499389648438,176.5500030517578,174.4250030517578,174.52499389648438,1387
2022-10-04,174.64999389648438,176.10000610351562,174.25,175.9499969482422,1417
2022-10-05,176.5500030517578,176.9499969482422,174.125,175.3000030517578,1922
2022-10-06,175.72500610351562,177.25,175.3249969482422,177.0749969482422,1692
2022-10-07,174.72500610351562,175.9499969482422,174.5500030517578,175.4250030517578,1541
2022-10-10,172.10000610351562,174.77499389648438,171.4499969482422,174.27499389648438,1704
2022-10-11,175.0749969482422,175.39999389648438,172.4250030517578,172.60000610351562,1778
2022-10-12,175.5,176.625,175.0,175.60000610351562,1521
2022-10-13,174.75,176.1750030517578,174.4499969482422,175.39999389648438,1484
2022-10-14,173.8000030517578,175.14999389648438,173.14999389648438,175.0,660
2022-10-17,174.75,175.1999969482422,173.77499389648438,173.875,1319
2022-10-18,174.8249969482422,175.60000610351562,174.5,174.89999389648438,1204
2022-10-19,175.22500610351562,175.47500610351562,174.6999969482422,175.0749969482422,1103
2022-10-20,175.5749969482422,175.6999969482422,175.02499389648438,175.02499389648438,704
2022-10-21,175.27499389648438,176.39999389648438,175.0749969482422,175.4499969482422,883
2022-10-24,175.6750030517578,175.77499389648438,175.14999389648438,175.14999389648438,919
2022-10-25,176.60000610351562,177.3249969482422,176.3000030517578,176.3000030517578,1114
2022-10-26,176.4250030517578,176.72500610351562,176.02499389648438,176.4499969482422,653
2022-10-27,175.97500610351562,176.25,175.8000030517578,176.1750030517578,1914
2022-10-28,177.875,178.9250030517578,177.6999969482422,178.0,1322
2022-10-31,177.625,177.9250030517578,175.75,176.5749969482422,2427
2022-11-01,176.9250030517578,178.14999389648438,176.6750030517578,177.25,1963
2022-11-02,178.9250030517578,179.22500610351562,177.89999389648438,177.97500610351562,2482
2022-11-03,178.0,179.1999969482422,177.25,179.0,3369
2022-11-04,177.8249969482422,178.8249969482422,177.5,177.625,1479
2022-11-07,178.22500610351562,178.4499969482422,177.52499389648438,178.10000610351562,597
2022-11-08,178.27499389648438,178.625,177.72500610351562,178.35000610351562,691
2022-11-09,177.72500610351562,178.25,177.4499969482422,178.125,824
2022-11-10,178.625,178.75,177.5,177.6999969482422,1315
2022-11-11,176.9499969482422,178.1999969482422,176.85000610351562,178.1750030517578,1234
2022-11-14,176.9499969482422,177.3000030517578,176.4499969482422,176.85000610351562,1088
2022-11-15,175.6750030517578,176.9250030517578,175.52499389648438,176.8249969482422,1364
2022-11-16,175.6999969482422,176.10000610351562,175.3000030517578,175.89999389648438,947
2022-11-17,175.85000610351562,176.0500030517578,175.5749969482422,175.64999389648438,10831
2022-11-18,180.77499389648438,181.1999969482422,179.27499389648438,179.97500610351562,7579
2022-11-21,182.625,183.0749969482422,181.5,181.5,7541
2022-11-22,181.6750030517578,182.5,181.1999969482422,182.47500610351562,6347
2022-11-23,179.25,182.0500030517578,179.0500030517578,182.0500030517578,6910
2022-11-25,178.3000030517578,180.1999969482422,178.22500610351562,180.1999969482422,4045
2022-11-28,176.875,179.25,176.6999969482422,178.9250030517578,7452
2022-11-29,178.0,178.35000610351562,176.75,177.52499389648438,6208
2022-11-30,180.47500610351562,180.75,177.0500030517578,178.1999969482422,9193
2022-12-01,181.0749969482422,181.47500610351562,180.0500030517578,180.8000030517578,6292
2022-12-02,182.4499969482422,182.9499969482422,180.9250030517578,181.14999389648438,6921
2022-12-05,183.77499389648438,184.1999969482422,181.9499969482422,182.35000610351562,6707
2022-12-06,181.8000030517578,183.14999389648438,180.3000030517578,182.97500610351562,8528
2022-12-07,180.89999389648438,182.25,180.75,181.5,6923
2022-12-08,183.47500610351562,183.8000030517578,181.10000610351562,181.3000030517578,8257
2022-12-09,183.9250030517578,184.89999389648438,182.85000610351562,183.125,6974
2022-12-12,183.64999389648438,183.9499969482422,182.72500610351562,183.64999389648438,5406
2022-12-13,184.22500610351562,184.4499969482422,183.0749969482422,183.4499969482422,5435
2022-12-14,183.60000610351562,184.5500030517578,183.3249969482422,184.39999389648438,4871
2022-12-15,183.0500030517578,184.22500610351562,182.8249969482422,183.3249969482422,4141
2022-12-16,183.77499389648438,184.4499969482422,183.125,183.125,6031
2022-12-19,182.10000610351562,184.4499969482422,181.60000610351562,184.02499389648438,5708
2022-12-20,183.625,184.0,181.25,182.27499389648438,4481
2022-12-21,183.8249969482422,184.0749969482422,182.875,183.75,3947
2022-12-22,183.97500610351562,184.3000030517578,183.4499969482422,183.60000610351562,2378
2022-12-23,184.0,184.4499969482422,183.4499969482422,183.9499969482422,1944
2022-12-27,183.10000610351562,184.22500610351562,182.6999969482422,183.5500030517578,1920
2022-12-28,183.47500610351562,183.77499389648438,182.375,182.9250030517578,1554
2022-12-29,183.8000030517578,184.375,183.4499969482422,183.47500610351562,2538
2022-12-30,183.6999969482422,184.0500030517578,183.02499389648438,183.8000030517578,1192
2023-01-03,182.6999969482422,183.5,182.4499969482422,183.5,1448
2023-01-04,185.22500610351562,185.64999389648438,182.6750030517578,182.8000030517578,3479
2023-01-05,183.8000030517578,185.1999969482422,183.5,185.10000610351562,2422
2023-01-06,182.6999969482422,184.14999389648438,182.1999969482422,183.9499969482422,2333
2023-01-09,183.625,183.8000030517578,182.39999389648438,182.9250030517578,1714
2023-01-10,184.3000030517578,184.72500610351562,183.5,183.5500030517578,1930
2023-01-11,183.125,184.39999389648438,182.89999389648438,184.39999389648438,2015
2023-01-12,182.125,183.4250030517578,182.02499389648438,183.0,1430
2023-01-13,181.25,182.22500610351562,180.77499389648438,182.10000610351562,1490
2023-01-17,179.64999389648438,181.1999969482422,179.52499389648438,181.0500030517578,1731
2023-01-18,179.5,180.39999389648438,179.10000610351562,179.6750030517578,1442
2023-01-19,178.10000610351562,179.10000610351562,177.5500030517578,179.10000610351562,1366
2023-01-20,177.9250030517578,178.5500030517578,177.5500030517578,177.77499389648438,1164
2023-01-23,179.1750030517578,179.52499389648438,178.0749969482422,178.0749969482422,1387
2023-01-24,178.9499969482422,179.14999389648438,178.77499389648438,178.9499969482422,602
2023-01-25,179.39999389648438,179.5,178.9499969482422,179.0500030517578,898
2023-01-26,179.5749969482422,179.72500610351562,179.47500610351562,179.5,6296
2023-01-27,183.47500610351562,183.77499389648438,182.6999969482422,182.8249969482422,4891
2023-01-30,183.9250030517578,184.75,183.14999389648438,183.25,6865
2023-01-31,186.14999389648438,186.39999389648438,184.375,184.4499969482422,9193
2023-02-01,183.25,186.5749969482422,182.6999969482422,186.1999969482422,11222
2023-02-02,185.9250030517578,186.47500610351562,183.4499969482422,183.5749969482422,11062
2023-02-03,186.10000610351562,186.4499969482422,185.4250030517578,185.9250030517578,7196
2023-02-06,187.6999969482422,187.85000610351562,185.4499969482422,186.47500610351562,8669
2023-02-07,187.1999969482422,188.5749969482422,186.97500610351562,187.64999389648438,10770
2023-02-08,186.4499969482422,187.625,186.27499389648438,186.77499389648438,5521
2023-02-09,186.8249969482422,187.3249969482422,185.60000610351562,186.5,6485
2023-02-10,186.39999389648438,187.375,186.02499389648438,186.75,4989
2023-02-13,187.1999969482422,188.1999969482422,185.5500030517578,187.02499389648438,8223
2023-02-14,186.64999389648438,187.22500610351562,186.125,186.89999389648438,3719
2023-02-15,187.3249969482422,187.9250030517578,186.25,186.4250030517578,5712
2023-02-16,186.22500610351562,187.22500610351562,185.8249969482422,187.22500610351562,4403
2023-02-17,186.52499389648438,187.125,185.625,186.0500030517578,4102
2023-02-21,186.875,187.39999389648438,185.89999389648438,186.5,4459
2023-02-22,187.97500610351562,188.10000610351562,186.14999389648438,186.8249969482422,6047
2023-02-23,189.22500610351562,189.75,187.6999969482422,187.75,9945
2023-02-24,189.0749969482422,189.97500610351562,188.10000610351562,189.35000610351562,6353
2023-02-27,189.1750030517578,190.1750030517578,188.4250030517578,189.0749969482422,4805
2023-02-28,189.8000030517578,190.1999969482422,188.8000030517578,189.1750030517578,2594
2023-03-01,188.3000030517578,191.10000610351562,187.6750030517578,189.64999389648438,5807
2023-03-02,188.5749969482422,189.0,188.0500030517578,188.27499389648438,1899
2023-03-03,190.0,190.25,188.5749969482422,188.60000610351562,2403
2023-03-06,192.0749969482422,192.375,189.9250030517578,190.27499389648438,3648
2023-03-07,192.125,192.8249969482422,191.77499389648438,192.1750030517578,2277
2023-03-08,193.75,193.8000030517578,191.25,192.125,2706
2023-03-09,193.0749969482422,194.3249969482422,192.5,193.27499389648438,2077
2023-03-10,191.47500610351562,192.9499969482422,191.4250030517578,192.64999389648438,2084
2023-03-13,190.8249969482422,191.1750030517578,190.0749969482422,191.02499389648438,2625
2023-03-14,189.9250030517578,191.375,189.625,191.1750030517578,1702
2023-03-15,188.1999969482422,189.8000030517578,187.60000610351562,189.75,2993
2023-03-16,189.5,189.9250030517578,188.0,188.35000610351562,1091
2023-03-17,188.85000610351562,189.27499389648438,188.14999389648438,189.27499389648438,981
2023-03-20,188.1999969482422,189.75,188.1750030517578,189.5500030517578,744
2023-03-21,188.77499389648438,189.14999389648438,187.8000030517578,188.5,585
2023-03-22,188.25,189.02499389648438,188.0,188.8000030517578,880
2023-03-23,189.02499389648438,189.0749969482422,188.0,188.0,493
2023-03-24,189.64999389648438,190.125,188.3000030517578,189.27499389648438,1030
2023-03-27,192.35000610351562,192.4499969482422,190.5,190.5500030517578,1675
2023-03-28,191.72500610351562,192.0,191.5,192.0,903
2023-03-29,191.4499969482422,191.85000610351562,191.375,191.64999389648438,955
2023-03-30,192.39999389648438,192.47500610351562,192.14999389648438,192.1999969482422,2506
2023-03-31,200.8249969482422,202.25,199.8249969482422,200.0,2329
2023-04-03,198.9499969482422,200.6750030517578,197.9250030517578,200.25,2795
2023-04-04,197.9499969482422,200.75,197.5500030517578,199.3000030517578,1936
2023-04-05,197.8249969482422,198.6999969482422,197.625,198.22500610351562,1299
2023-04-06,200.625,201.77499389648438,199.4499969482422,200.0,0
2023-04-10,200.9250030517578,201.35000610351562,199.14999389648438,200.625,1602
2023-04-11,202.10000610351562,202.1999969482422,200.3000030517578,200.8000030517578,2564
2023-04-12,202.22500610351562,203.5,201.625,201.85000610351562,2697
2023-04-13,202.6750030517578,204.0,202.25,203.60000610351562,2200
2023-04-14,203.39999389648438,203.60000610351562,201.75,202.5749969482422,1935
2023-04-17,205.5500030517578,205.89999389648438,204.0,204.10000610351562,1879
2023-04-18,205.9250030517578,206.10000610351562,204.6750030517578,205.85000610351562,864
2023-04-19,204.6750030517578,206.5,204.0500030517578,205.625,1843
2023-04-20,205.02499389648438,205.22500610351562,202.72500610351562,204.10000610351562,1234
2023-04-21,203.77499389648438,205.14999389648438,203.5500030517578,204.77499389648438,1244
2023-04-24,202.5500030517578,203.0749969482422,201.0,203.0,807
2023-04-25,202.0749969482422,202.27499389648438,201.89999389648438,202.10000610351562,858
2023-04-26,202.6750030517578,202.75,202.02499389648438,202.02499389648438,510
2023-04-27,202.6750030517578,202.77499389648438,202.5,202.6999969482422,2707
2023-04-28,210.97500610351562,212.1999969482422,210.47500610351562,211.52499389648438,1925
2023-05-01,209.6999969482422,211.3000030517578,209.14999389648438,210.5500030517578,1930
2023-05-02,205.9499969482422,209.52499389648438,205.875,209.52499389648438,3398
2023-05-03,203.4250030517578,205.85000610351562,203.14999389648438,205.85000610351562,3734
2023-05-04,203.64999389648438,204.5,203.4250030517578,203.6999969482422,1676
2023-05-05,202.52499389648438,204.5,202.1750030517578,203.64999389648438,3084
2023-05-08,203.4250030517578,203.875,202.0,202.1750030517578,1471
2023-05-09,205.9250030517578,206.10000610351562,203.22500610351562,203.9250030517578,1650
2023-05-10,205.375,205.9499969482422,204.875,205.89999389648438,1609
2023-05-11,204.125,206.0749969482422,204.0,205.35000610351562,1832
2023-05-12,205.47500610351562,205.60000610351562,203.9499969482422,204.625,1437
2023-05-15,206.5,206.5500030517578,205.14999389648438,205.60000610351562,1097
2023-05-16,205.6999969482422,206.8000030517578,205.35000610351562,206.64999389648438,828
2023-05-17,204.5500030517578,205.97500610351562,204.4250030517578,205.89999389648438,1101
2023-05-18,206.10000610351562,206.1999969482422,204.64999389648438,205.39999389648438,1388
2023-05-19,206.27499389648438,206.6999969482422,205.60000610351562,205.89999389648438,1674
2023-05-22,206.5749969482422,206.8249969482422,205.85000610351562,206.4250030517578,966
2023-05-23,207.8000030517578,207.9250030517578,207.22500610351562,207.4499969482422,1222
2023-05-24,208.97500610351562,209.0500030517578,207.8249969482422,208.1999969482422,974
2023-05-25,208.97500610351562,209.1999969482422,208.6750030517578,208.85000610351562,5627
2023-05-26,233.9250030517578,235.0,233.47500610351562,234.0,4383
2023-05-30,237.77499389648438,238.5500030517578,234.3249969482422,234.3249969482422,8321
2023-05-31,239.1750030517578,239.85000610351562,237.3000030517578,237.97500610351562,6950
2023-06-01,241.64999389648438,242.0500030517578,236.5749969482422,238.1750030517578,10419
2023-06-02,241.89999389648438,243.8000030517578,240.6999969482422,242.89999389648438,7175
2023-06-05,242.60000610351562,243.0749969482422,241.02499389648438,241.89999389648438,6652
2023-06-06,243.25,244.47500610351562,241.27499389648438,242.5,7002
2023-06-07,239.10000610351562,245.1750030517578,238.5500030517578,244.10000610351562,11504
2023-06-08,238.64999389648438,240.8249969482422,238.10000610351562,239.125,6907
2023-06-09,239.0,240.89999389648438,236.8249969482422,239.25,6910
2023-06-12,239.0500030517578,239.64999389648438,237.5500030517578,238.25,4936
2023-06-13,240.4499969482422,240.9250030517578,237.5500030517578,238.6750030517578,4951
2023-06-14,235.89999389648438,241.89999389648438,235.5500030517578,240.97500610351562,8058
2023-06-15,234.125,234.625,232.27499389648438,234.625,10233
2023-06-16,234.9250030517578,236.39999389648438,232.6999969482422,233.0,6733
2023-06-20,232.14999389648438,235.85000610351562,231.875,234.75,6149
2023-06-21,227.72500610351562,230.64999389648438,226.6999969482422,230.64999389648438,11545
2023-06-22,230.6750030517578,230.9250030517578,227.9499969482422,228.89999389648438,6507
2023-06-23,233.9499969482422,235.14999389648438,231.39999389648438,231.89999389648438,7526
2023-06-26,233.6750030517578,235.25,231.39999389648438,233.1750030517578,6189
2023-06-27,238.5,239.0749969482422,235.75,235.8249969482422,7750
2023-06-28,240.25,240.6999969482422,238.0,239.4250030517578,8789
2023-06-29,242.375,242.75,239.3249969482422,240.5500030517578,6096
2023-06-30,247.5749969482422,248.0749969482422,240.39999389648438,241.85000610351562,12167
2023-07-03,247.89999389648438,247.97500610351562,245.64999389648438,246.60000610351562,6919
2023-07-05,244.6999969482422,248.85000610351562,244.35000610351562,246.77499389648438,7561
2023-07-06,242.27499389648438,243.9250030517578,240.8000030517578,243.9250030517578,8560
2023-07-07,245.4250030517578,245.77499389648438,242.60000610351562,242.60000610351562,6013
2023-07-10,246.25,247.3000030517578,244.14999389648438,245.10000610351562,7002
2023-07-11,247.14999389648438,248.14999389648438,245.0500030517578,245.72500610351562,6614
2023-07-12,246.5749969482422,251.3000030517578,245.52499389648438,247.0500030517578,10744
2023-07-13,245.0,246.9250030517578,243.5,246.77499389648438,9363
2023-07-14,246.64999389648438,247.1750030517578,244.0,244.3000030517578,7569
2023-07-17,249.25,249.9499969482422,245.3000030517578,246.1750030517578,7926
2023-07-18,248.0,249.625,247.60000610351562,248.0749969482422,6226
2023-07-19,246.8000030517578,247.27499389648438,244.75,245.875,7870
2023-07-20,245.10000610351562,249.85000610351562,244.14999389648438,247.1750030517578,9604
2023-07-21,245.9250030517578,247.5749969482422,244.85000610351562,246.9250030517578,6648
2023-07-24,243.25,245.52499389648438,242.27499389648438,243.64999389648438,7118
2023-07-25,243.22500610351562,245.60000610351562,242.0,244.8000030517578,5803
2023-07-26,244.1999969482422,245.35000610351562,242.5749969482422,243.27499389648438,5307
2023-07-27,244.64999389648438,245.6999969482422,242.8000030517578,243.5,4114
2023-07-28,245.60000610351562,246.0749969482422,244.77499389648438,245.5500030517578,4850
2023-07-31,245.60000610351562,247.14999389648438,244.14999389648438,246.89999389648438,4408
2023-08-01,248.47500610351562,248.85000610351562,245.02499389648438,245.52499389648438,3915
2023-08-02,246.8249969482422,248.6999969482422,245.77499389648438,248.0749969482422,3006
2023-08-03,247.9499969482422,248.0500030517578,246.14999389648438,246.8249969482422,1852
2023-08-04,249.52499389648438,249.97500610351562,247.1999969482422,247.5,3180
2023-08-07,246.97500610351562,249.89999389648438,246.5749969482422,248.9250030517578,2259
2023-08-08,246.0,247.5,244.1750030517578,247.02499389648438,2229
2023-08-09,247.14999389648438,247.4499969482422,245.9499969482422,245.9499969482422,1654
2023-08-10,248.0,249.0,246.9499969482422,247.1999969482422,1643
2023-08-11,247.75,248.9250030517578,247.1750030517578,248.47500610351562,1790
2023-08-14,246.22500610351562,248.625,245.9499969482422,248.1999969482422,2195
2023-08-15,245.875,246.97500610351562,245.10000610351562,246.25,2299
2023-08-16,245.375,246.52499389648438,245.1999969482422,245.89999389648438,1976
2023-08-17,244.27499389648438,245.6999969482422,243.39999389648438,245.39999389648438,2726
2023-08-18,245.5749969482422,245.9499969482422,243.5,244.0500030517578,1945
2023-08-21,246.77499389648438,246.97500610351562,245.89999389648438,246.10000610351562,1415
2023-08-22,245.5,246.9250030517578,245.10000610351562,246.89999389648438,1204
2023-08-23,245.02499389648438,246.27499389648438,244.89999389648438,245.5500030517578,1209
2023-08-24,246.5,246.6999969482422,245.14999389648438,245.35000610351562,1253
2023-08-25,247.625,247.64999389648438,246.35000610351562,246.75,902
2023-08-28,250.25,250.875,247.72500610351562,248.0,1562
2023-08-29,250.6999969482422,250.9499969482422,250.1750030517578,250.3249969482422,1011
2023-08-30,250.0500030517578,250.52499389648438,249.6750030517578,250.52499389648438,1134
2023-08-31,249.10000610351562,249.4250030517578,248.9250030517578,249.35000610351562,2879
2023-09-01,251.85000610351562,253.3000030517578,251.02499389648438,253.1999969482422,1626
2023-09-05,251.375,252.0500030517578,250.0,251.6999969482422,2539
2023-09-06,253.14999389648438,254.0749969482422,250.6999969482422,251.1999969482422,2106
2023-09-07,255.5749969482422,255.9499969482422,253.25,253.25,3335
2023-09-08,255.35000610351562,255.8000030517578,254.8249969482422,255.5500030517578,1582
2023-09-11,256.2250061035156,256.67498779296875,254.72500610351562,255.3249969482422,3218
2023-09-12,255.3249969482422,256.6000061035156,253.9499969482422,256.1000061035156,2343
2023-09-13,253.5,255.39999389648438,252.85000610351562,255.0,2047
2023-09-14,255.1750030517578,255.47500610351562,253.3000030517578,254.0,2356
2023-09-15,257.375,257.5,254.5749969482422,255.3249969482422,2128
2023-09-18,254.25,257.3500061035156,253.9250030517578,256.95001220703125,2003
2023-09-19,253.5,255.6750030517578,253.27499389648438,254.27499389648438,1419
2023-09-20,254.1750030517578,254.5,252.8249969482422,253.75,1386
2023-09-21,253.27499389648438,254.5,253.0,254.39999389648438,1239
2023-09-22,254.10000610351562,254.375,253.27499389648438,253.4250030517578,711
2023-09-25,253.875,254.3000030517578,253.1750030517578,254.10000610351562,494
2023-09-26,252.60000610351562,254.02499389648438,252.39999389648438,254.02499389648438,1598
2023-09-27,251.52499389648438,252.5,251.25,252.47500610351562,1354
2023-09-28,252.3249969482422,252.39999389648438,251.375,251.52499389648438,3106
2023-09-29,252.47500610351562,254.72500610351562,252.02499389648438,254.72500610351562,2212
2023-10-02,253.3249969482422,254.9499969482422,252.72500610351562,252.72500610351562,2222
2023-10-03,248.60000610351562,253.3000030517578,248.02499389648438,253.3000030517578,3069
2023-10-04,247.77499389648438,249.8000030517578,246.8000030517578,248.8000030517578,2415
2023-10-05,247.5,248.8000030517578,246.85000610351562,247.8000030517578,1369
2023-10-06,248.375,248.5500030517578,245.6999969482422,247.60000610351562,1268
2023-10-09,246.89999389648438,248.89999389648438,246.5,247.27499389648438,1219
2023-10-10,247.9499969482422,248.375,247.22500610351562,247.72500610351562,1027
2023-10-11,250.1750030517578,250.75,247.0,248.02499389648438,1859
2023-10-12,252.02499389648438,252.125,250.0,250.14999389648438,1783
2023-10-13,249.875,251.9499969482422,249.64999389648438,251.875,1103
2023-10-16,248.3249969482422,250.5,247.8249969482422,249.89999389648438,1301
2023-10-17,248.8000030517578,249.39999389648438,247.89999389648438,248.0,1156
2023-10-18,247.125,248.6750030517578,246.8000030517578,248.64999389648438,1694
2023-10-19,243.5749969482422,246.5,242.8000030517578,246.39999389648438,1759
2023-10-20,241.8249969482422,244.0,240.5500030517578,244.0,1295
2023-10-23,237.625,241.85000610351562,237.1750030517578,241.4250030517578,1483
2023-10-24,239.4250030517578,240.35000610351562,237.3000030517578,237.8000030517578,1284
2023-10-25,239.97500610351562,240.52499389648438,239.14999389648438,239.97500610351562,724
2023-10-26,240.5500030517578,240.60000610351562,239.5749969482422,239.9499969482422,2421
2023-10-27,236.89999389648438,238.4499969482422,234.85000610351562,237.0,2821
2023-10-30,237.6750030517578,239.0,236.8249969482422,237.3000030517578,1982
2023-10-31,237.6999969482422,238.9499969482422,236.5749969482422,237.75,2089
2023-11-01,238.5749969482422,238.9499969482422,237.8000030517578,238.0749969482422,1845
2023-11-02,242.625,242.75,238.97500610351562,238.97500610351562,1808
2023-11-03,240.60000610351562,242.5500030517578,240.0749969482422,242.5500030517578,2162
2023-11-06,237.1750030517578,240.8000030517578,236.9250030517578,240.64999389648438,1485
2023-11-07,232.22500610351562,237.6999969482422,231.1750030517578,237.47500610351562,3066
2023-11-08,234.5500030517578,236.125,229.4250030517578,232.39999389648438,3636
2023-11-09,229.0,234.9499969482422,228.5,234.5500030517578,3165
2023-11-10,229.72500610351562,231.25,227.77499389648438,229.3000030517578,1550
2023-11-13,230.72500610351562,231.5500030517578,229.27499389648438,229.5,1055
2023-11-14,230.0500030517578,230.875,229.39999389648438,229.6999969482422,1509
2023-11-15,229.4250030517578,229.72500610351562,229.125,229.5,985
2023-11-16,229.375,230.0,229.125,229.60000610351562,6693
2023-11-17,228.5,229.6999969482422,225.77499389648438,226.89999389648438,5239
2023-11-20,229.85000610351562,232.1999969482422,227.4499969482422,230.5,6006
2023-11-21,228.3249969482422,230.6750030517578,227.77499389648438,229.3000030517578,4215
2023-11-22,227.125,229.14999389648438,226.64999389648438,228.375,4141
2023-11-24,219.3249969482422,227.375,219.14999389648438,227.375,7514
2023-11-27,212.8000030517578,220.77499389648438,212.125,220.47500610351562,13542
2023-11-28,221.0500030517578,221.0500030517578,212.72500610351562,213.77499389648438,11044
2023-11-29,222.1999969482422,223.5749969482422,220.10000610351562,221.5500030517578,7574
2023-11-30,219.9499969482422,222.64999389648438,217.0749969482422,222.625,7968
2023-12-01,214.4250030517578,221.4499969482422,213.9250030517578,220.0,7110
2023-12-04,210.52499389648438,214.52499389648438,209.14999389648438,214.0,11508
2023-12-05,214.6999969482422,215.60000610351562,210.1750030517578,210.8000030517578,7394
2023-12-06,210.14999389648438,217.39999389648438,209.25,215.0,9432
2023-12-07,210.27499389648438,213.60000610351562,210.0,210.52499389648438,10239
2023-12-08,215.3000030517578,216.5749969482422,210.39999389648438,210.5,9214
2023-12-11,217.9499969482422,218.3000030517578,213.25,215.27499389648438,8391
2023-12-12,219.25,219.77499389648438,215.3000030517578,217.39999389648438,9896
2023-12-13,217.375,219.9499969482422,216.9250030517578,218.5,6285
2023-12-14,219.35000610351562,221.125,218.25,218.4499969482422,5085
2023-12-15,220.89999389648438,221.5,218.1999969482422,219.75,4585
2023-12-18,223.1750030517578,225.0,221.39999389648438,221.39999389648438,5783
2023-12-19,221.89999389648438,224.3249969482422,221.625,223.1999969482422,4329
2023-12-20,224.0500030517578,224.375,221.22500610351562,222.22500610351562,2661
2023-12-21,221.6999969482422,225.22500610351562,221.5500030517578,224.10000610351562,1764
2023-12-22,222.75,223.77499389648438,221.25,222.39999389648438,1862
2023-12-26,223.5500030517578,224.02499389648438,219.89999389648438,220.5749969482422,1967
2023-12-27,224.47500610351562,225.9499969482422,223.27499389648438,223.60000610351562,1567
2023-12-28,222.47500610351562,224.89999389648438,221.9250030517578,224.35000610351562,1190
2023-12-29,222.3000030517578,224.0749969482422,221.77499389648438,223.89999389648438,1449
2024-01-02,225.4250030517578,226.4250030517578,222.22500610351562,222.3000030517578,1959
2024-01-03,226.0749969482422,226.3000030517578,224.1750030517578,225.4250030517578,1313
2024-01-04,224.6750030517578,226.375,224.4250030517578,226.27499389648438,1409
2024-01-05,223.125,226.875,222.5500030517578,224.77499389648438,2095
2024-01-08,223.875,226.5,223.14999389648438,223.52499389648438,1965
2024-01-09,223.77499389648438,225.0,223.0749969482422,223.9499969482422,2605
2024-01-10,224.625,225.4499969482422,223.625,223.8249969482422,1827
2024-01-11,226.27499389648438,226.6999969482422,223.6999969482422,224.75,1118
2024-01-12,226.5749969482422,228.14999389648438,225.1999969482422,226.25,1429
2024-01-16,227.5500030517578,228.27499389648438,225.6750030517578,226.60000610351562,1967
2024-01-17,228.4250030517578,228.5749969482422,226.72500610351562,227.5749969482422,892
2024-01-18,230.9250030517578,231.6999969482422,228.3000030517578,228.47500610351562,2259
2024-01-19,230.10000610351562,231.375,229.6999969482422,230.9250030517578,1265
2024-01-22,229.8249969482422,230.1750030517578,228.27499389648438,230.0,1578
2024-01-23,231.0,231.875,229.77499389648438,229.9250030517578,1870
2024-01-24,231.8249969482422,232.10000610351562,231.60000610351562,231.60000610351562,1172
2024-01-25,232.02499389648438,232.35000610351562,231.5749969482422,232.0,11368
2024-01-26,239.6999969482422,241.64999389648438,237.5749969482422,238.0,8847
2024-01-29,238.625,241.9250030517578,238.39999389648438,239.75,6694
2024-01-30,241.3249969482422,241.5749969482422,238.02499389648438,238.625,7068
2024-01-31,240.14999389648438,241.5500030517578,239.5500030517578,240.9499969482422,5696
2024-02-01,244.875,245.60000610351562,240.85000610351562,240.9499969482422,8914
2024-02-02,244.8000030517578,246.125,244.0,245.0,6823
2024-02-05,242.75,245.8000030517578,242.35000610351562,245.0,5952
2024-02-06,246.6750030517578,247.10000610351562,242.125,242.4250030517578,7323
2024-02-07,245.5500030517578,248.25,245.0500030517578,246.97500610351562,7773
2024-02-08,246.85000610351562,249.14999389648438,246.27499389648438,246.75,6458
2024-02-09,247.14999389648438,248.35000610351562,245.9250030517578,247.25,5660
2024-02-12,248.8249969482422,249.89999389648438,247.10000610351562,247.14999389648438,6806
2024-02-13,248.0,248.97500610351562,247.3000030517578,248.52499389648438,5605
2024-02-14,246.22500610351562,248.39999389648438,243.5500030517578,248.0,7549
2024-02-15,247.10000610351562,247.35000610351562,244.02499389648438,245.3000030517578,5440
2024-02-16,251.02499389648438,251.9250030517578,247.125,247.125,8817
2024-02-20,251.375,252.25,249.25,250.625,6148
2024-02-21,251.35000610351562,253.4499969482422,250.39999389648438,251.1750030517578,6380
2024-02-22,252.0500030517578,254.72500610351562,250.72500610351562,250.9499969482422,7108
2024-02-23,254.5749969482422,254.75,251.0500030517578,251.8000030517578,5449
2024-02-26,253.0500030517578,254.89999389648438,250.9250030517578,252.72500610351562,4063
2024-02-27,253.0,254.39999389648438,251.6750030517578,253.0500030517578,2308
2024-02-28,249.60000610351562,252.6750030517578,249.0749969482422,252.0500030517578,2400
2024-02-29,249.0,250.22500610351562,247.5,249.4250030517578,1438
2024-03-01,252.97500610351562,253.0749969482422,249.25,249.35000610351562,2177
2024-03-04,251.5500030517578,253.0749969482422,250.9499969482422,252.97500610351562,1824
2024-03-05,252.3000030517578,252.875,250.64999389648438,251.5,1281
2024-03-06,251.02499389648438,252.97500610351562,249.9499969482422,252.89999389648438,1571
2024-03-07,251.02499389648438,251.47500610351562,249.89999389648438,250.875,1323
2024-03-08,249.1999969482422,252.8000030517578,248.9499969482422,251.5,2416
2024-03-11,248.25,249.1999969482422,248.10000610351562,249.1999969482422,949
2024-03-12,248.97500610351562,249.89999389648438,248.3000030517578,248.35000610351562,1050
2024-03-13,250.27499389648438,250.47500610351562,248.4250030517578,249.0,1967
2024-03-14,247.47500610351562,251.625,246.52499389648438,250.3000030517578,2288
2024-03-15,249.27499389648438,249.8249969482422,247.875,249.0,1124
2024-03-18,251.1999969482422,251.39999389648438,249.9499969482422,250.02499389648438,1052
2024-03-19,250.6750030517578,252.02499389648438,250.14999389648438,251.0,856
2024-03-20,250.25,251.5749969482422,249.85000610351562,251.5749969482422,1225
2024-03-21,250.875,251.8000030517578,249.6999969482422,250.5749969482422,1172
2024-03-22,249.9499969482422,251.0,249.8249969482422,250.64999389648438,1046
2024-03-25,249.4499969482422,251.0,248.375,248.9499969482422,690
2024-03-26,247.72500610351562,249.25,247.25,249.25,1741
2024-03-27,248.0500030517578,248.25,247.60000610351562,248.125,710
2024-03-28,247.75,247.77499389648438,247.1999969482422,247.60000610351562,2159
2024-04-01,240.4250030517578,249.0,239.0500030517578,246.625,3482
2024-04-02,243.5,243.625,239.8000030517578,241.14999389648438,2952
2024-04-03,240.9499969482422,243.6999969482422,239.27499389648438,243.6999969482422,2522
2024-04-04,242.6999969482422,243.60000610351562,241.3249969482422,241.9499969482422,2037
2024-04-05,237.6999969482422,242.89999389648438,236.375,242.89999389648438,2445
2024-04-08,239.3000030517578,239.89999389648438,237.375,238.22500610351562,2192
2024-04-09,240.6999969482422,241.5,238.22500610351562,239.0749969482422,1607
2024-04-10,238.27499389648438,240.75,237.25,240.3000030517578,1619
2024-04-11,239.1750030517578,239.47500610351562,235.89999389648438,238.22500610351562,2019
2024-04-12,237.60000610351562,239.4250030517578,235.9499969482422,238.77499389648438,1242
2024-04-15,239.5500030517578,240.5,237.85000610351562,237.85000610351562,1120
2024-04-16,240.35000610351562,241.4499969482422,238.6750030517578,239.5500030517578,979
2024-04-17,240.4250030517578,241.3000030517578,240.14999389648438,240.5,962
2024-04-18,241.60000610351562,241.9499969482422,240.1999969482422,240.60000610351562,667
2024-04-19,241.3249969482422,241.9499969482422,240.875,241.22500610351562,628
2024-04-22,242.89999389648438,242.97500610351562,241.72500610351562,242.0,907
2024-04-23,243.75,244.35000610351562,243.10000610351562,243.39999389648438,683
2024-04-24,243.10000610351562,244.0,242.9250030517578,243.60000610351562,426
2024-04-25,244.875,244.9499969482422,244.25,244.27499389648438,3146
2024-04-26,248.6999969482422,249.25,246.39999389648438,246.47500610351562,2295
2024-04-29,248.02499389648438,249.6999969482422,247.10000610351562,248.5749969482422,1726
2024-04-30,244.5749969482422,248.10000610351562,243.9499969482422,248.10000610351562,2892
2024-05-01,241.4250030517578,245.4499969482422,240.0,244.25,2670
2024-05-02,243.60000610351562,245.60000610351562,243.1999969482422,244.47500610351562,2241
2024-05-03,243.3000030517578,244.39999389648438,242.60000610351562,243.625,1261
2024-05-06,241.39999389648438,243.25,240.8249969482422,243.125,1741
2024-05-07,242.14999389648438,243.75,241.3249969482422,241.6999969482422,2051
2024-05-08,240.1999969482422,242.60000610351562,239.47500610351562,242.47500610351562,1546
2024-05-09,238.64999389648438,241.5,238.4250030517578,240.47500610351562,1879
2024-05-10,238.8000030517578,239.60000610351562,237.4250030517578,239.0,1368
2024-05-13,239.375,241.22500610351562,238.52499389648438,239.0500030517578,1425
2024-05-14,243.27499389648438,244.375,239.9250030517578,239.9499969482422,1874
2024-05-15,243.14999389648438,243.97500610351562,242.4250030517578,243.35000610351562,1024
2024-05-16,244.85000610351562,245.52499389648438,243.39999389648438,243.39999389648438,1099
2024-05-17,246.72500610351562,246.77499389648438,244.77499389648438,245.0,1034
2024-05-20,246.6999969482422,247.64999389648438,246.3000030517578,247.0500030517578,1251
2024-05-21,248.9499969482422,249.375,247.6750030517578,247.97500610351562,1500
2024-05-22,250.375,250.47500610351562,249.1999969482422,249.1999969482422,957
2024-05-23,250.3249969482422,250.35000610351562,249.39999389648438,249.75,5176
2024-05-24,260.2250061035156,262.04998779296875,259.1000061035156,261.45001220703125,6315
2024-05-28,264.6000061035156,264.7250061035156,260.3999938964844,261.0,8123
2024-05-29,260.25,264.95001220703125,259.29998779296875,264.20001220703125,10204
2024-05-30,259.07501220703125,260.9750061035156,257.0,260.625,7546
2024-05-31,256.3999938964844,259.0,255.8000030517578,259.0,6885
2024-06-03,256.20001220703125,257.42498779296875,253.60000610351562,256.7250061035156,8259
2024-06-04,256.0249938964844,258.17498779296875,255.52499389648438,257.3999938964844,4995
2024-06-05,254.8249969482422,256.57501220703125,254.22500610351562,256.32501220703125,5218
2024-06-06,252.85000610351562,253.85000610351562,250.8000030517578,253.75,9719
2024-06-07,254.9250030517578,255.9499969482422,251.89999389648438,252.8000030517578,6987
2024-06-10,258.6499938964844,259.3999938964844,255.5,255.5500030517578,8146
2024-06-11,257.6499938964844,260.0,257.2749938964844,258.92498779296875,5070
2024-06-12,257.57501220703125,259.1499938964844,256.8500061035156,258.3999938964844,5122
2024-06-13,257.4750061035156,258.29998779296875,254.35000610351562,257.70001220703125,6881
2024-06-14,261.9750061035156,262.6499938964844,258.5,258.79998779296875,8753
2024-06-17,261.32501220703125,263.07501220703125,260.6000061035156,262.95001220703125,7253
2024-06-18,259.95001220703125,261.7250061035156,259.32501220703125,261.7250061035156,5162
2024-06-20,259.82501220703125,261.9750061035156,258.1000061035156,260.75,6542
2024-06-21,258.375,260.17498779296875,258.0,260.1000061035156,6704
2024-06-24,258.8999938964844,259.54998779296875,256.125,257.0,6038
2024-06-25,259.04998779296875,260.45001220703125,258.20001220703125,259.3500061035156,5372
2024-06-26,261.7749938964844,262.1000061035156,258.7250061035156,258.7250061035156,6998
2024-06-27,260.6499938964844,262.6499938964844,260.29998779296875,262.0249938964844,5552
2024-06-28,259.29998779296875,261.6499938964844,258.29998779296875,260.6000061035156,9303
2024-07-01,257.375,259.17498779296875,256.3999938964844,258.92498779296875,9120
2024-07-02,261.1000061035156,261.6000061035156,257.45001220703125,258.07501220703125,9551
2024-07-03,263.375,263.8999938964844,260.5,260.5,9999
2024-07-05,261.4750061035156,263.75,261.25,263.25,8130
2024-07-08,259.17498779296875,263.2749938964844,258.5249938964844,262.0,12291
2024-07-09,255.72500610351562,260.82501220703125,254.77499389648438,260.1000061035156,12082
2024-07-10,254.35000610351562,256.25,253.4499969482422,256.0,10773
2024-07-11,256.1499938964844,256.7749938964844,254.9499969482422,256.04998779296875,8963
2024-07-12,258.6499938964844,259.2250061035156,254.97500610351562,256.1499938964844,8943
2024-07-15,258.7749938964844,260.25,257.95001220703125,259.04998779296875,6471
2024-07-16,258.625,259.625,257.6499938964844,258.54998779296875,5915
2024-07-17,258.54998779296875,258.8999938964844,256.75,258.54998779296875,5650
2024-07-18,256.2250061035156,259.6499938964844,255.5749969482422,258.5,6778
2024-07-19,255.60000610351562,256.45001220703125,253.875,256.25,5222
2024-07-22,256.3999938964844,258.42498779296875,255.75,256.5,5896
2024-07-23,258.75,259.20001220703125,255.625,256.67498779296875,6172
2024-07-24,257.125,259.1000061035156,256.2749938964844,258.75,6720
2024-07-25,258.625,259.8500061035156,255.47500610351562,257.20001220703125,7967
2024-07-26,259.70001220703125,260.75,258.2749938964844,258.6499938964844,6055
2024-07-29,256.42498779296875,260.54998779296875,255.5,259.8500061035156,6489
2024-07-30,256.9750061035156,257.6499938964844,255.5,256.95001220703125,3544
2024-07-31,257.25,257.75,255.8000030517578,256.9750061035156,2327
2024-08-01,253.14999389648438,257.32501220703125,252.1750030517578,257.32501220703125,4850
2024-08-02,249.64999389648438,252.9250030517578,246.6750030517578,252.8000030517578,4573
2024-08-05,244.0,246.625,240.77499389648438,244.5,4920
2024-08-06,243.0,246.25,240.9250030517578,246.0,4011
2024-08-07,242.625,245.47500610351562,242.5,244.27499389648438,2639
2024-08-08,242.375,243.60000610351562,241.39999389648438,243.60000610351562,3004
2024-08-09,246.5,247.1999969482422,242.0749969482422,242.1750030517578,3404
2024-08-12,244.39999389648438,246.9250030517578,243.8000030517578,246.5500030517578,2057
2024-08-13,246.47500610351562,246.97500610351562,243.8249969482422,245.25,1574
2024-08-14,247.89999389648438,248.85000610351562,246.60000610351562,246.625,2338
2024-08-15,246.72500610351562,248.9499969482422,246.375,248.125,1824
2024-08-16,242.77499389648438,246.6750030517578,241.10000610351562,246.22500610351562,3426
2024-08-19,242.375,244.0,241.375,242.3000030517578,1182
2024-08-20,238.1999969482422,243.02499389648438,237.10000610351562,242.375,2395
2024-08-21,239.25,240.0,237.9250030517578,238.22500610351562,1491
2024-08-22,241.97500610351562,243.27499389648438,238.6750030517578,239.25,1649
2024-08-23,242.5749969482422,242.97500610351562,241.625,241.77499389648438,942
2024-08-26,244.5,245.0,241.75,241.75,1819
2024-08-27,244.1999969482422,244.5,243.64999389648438,244.0,973
2024-08-28,243.5500030517578,244.02499389648438,243.1999969482422,243.5,854
2024-08-29,243.1750030517578,243.4250030517578,242.75,243.4250030517578,1665
2024-08-30,240.47500610351562,241.75,239.3000030517578,239.3000030517578,1917
2024-09-03,241.375,242.125,239.375,240.125,2083
2024-09-04,239.625,241.75,239.35000610351562,241.0,1092
2024-09-05,237.125,239.625,236.10000610351562,239.5500030517578,2375
2024-09-06,234.3000030517578,239.0500030517578,233.8000030517578,237.25,1883
2024-09-09,237.72500610351562,238.25,232.85000610351562,234.75,1883
2024-09-10,238.47500610351562,239.60000610351562,237.5749969482422,237.9499969482422,1350
2024-09-11,240.5500030517578,241.0,237.6750030517578,238.64999389648438,1600
2024-09-12,242.0500030517578,242.8000030517578,240.5,240.5749969482422,1045
2024-09-13,241.89999389648438,243.75,240.85000610351562,242.35000610351562,868
2024-09-16,241.3000030517578,243.3249969482422,241.22500610351562,242.0500030517578,649
2024-09-17,243.3000030517578,243.77499389648438,241.77499389648438,242.0,648
2024-09-18,242.8249969482422,243.8249969482422,242.5500030517578,243.3000030517578,558
2024-09-19,245.27499389648438,245.6999969482422,243.22500610351562,243.77499389648438,884
2024-09-20,244.8249969482422,245.64999389648438,244.25,244.77499389648438,1303
2024-09-23,245.10000610351562,245.3249969482422,244.0749969482422,244.875,866
2024-09-24,244.9499969482422,245.14999389648438,244.5,244.6999969482422,611
2024-09-25,245.375,245.5,244.72500610351562,245.0,414
2024-09-26,245.39999389648438,245.89999389648438,244.4250030517578,244.8249969482422,5583
2024-09-27,247.0749969482422,248.625,246.60000610351562,247.375,3836
2024-09-30,246.1999969482422,247.77499389648438,245.6999969482422,246.0749969482422,2181
2024-10-01,246.14999389648438,247.5500030517578,245.1999969482422,246.3000030517578,2565
2024-10-02,249.72500610351562,249.8000030517578,246.14999389648438,246.14999389648438,3021
2024-10-03,248.97500610351562,250.1750030517578,247.6999969482422,249.5,2455
2024-10-04,249.625,249.89999389648438,248.0749969482422,248.97500610351562,1744
2024-10-07,248.85000610351562,250.0500030517578,248.5,249.85000610351562,2880
2024-10-08,250.3249969482422,250.625,248.52499389648438,249.14999389648438,1567
2024-10-09,249.27499389648438,250.8000030517578,248.39999389648438,250.8000030517578,1850
2024-10-10,250.27499389648438,250.47500610351562,248.10000610351562,248.97500610351562,1486
2024-10-11,249.75,250.64999389648438,249.5,250.47500610351562,1626
2024-10-14,249.125,250.6750030517578,248.85000610351562,249.85000610351562,1448
2024-10-15,246.52499389648438,249.125,246.27499389648438,249.125,2400
2024-10-16,246.10000610351562,247.3000030517578,245.6999969482422,246.3249969482422,1372
2024-10-17,246.72500610351562,247.9250030517578,245.8000030517578,246.8000030517578,1651
2024-10-18,248.3249969482422,248.875,247.125,247.125,888
2024-10-21,247.5749969482422,248.875,247.125,247.125,983
2024-10-22,249.4250030517578,249.625,247.89999389648438,248.14999389648438,1271
2024-10-23,248.5749969482422,249.85000610351562,248.0500030517578,248.75,1038
2024-10-24,249.39999389648438,249.77499389648438,248.39999389648438,248.6999969482422,677
2024-10-25,249.625,249.9499969482422,248.5,249.4499969482422,1069
2024-10-28,250.0749969482422,250.1999969482422,249.0,249.25,761
2024-10-29,250.02499389648438,250.4250030517578,249.6999969482422,250.1999969482422,1043
2024-10-30,250.9499969482422,250.97500610351562,249.39999389648438,249.72500610351562,889
2024-10-31,251.97500610351562,252.0500030517578,251.3000030517578,251.3000030517578,3267
2024-11-01,246.875,247.5,243.64999389648438,246.0,3319
2024-11-04,246.35000610351562,247.0749969482422,245.52499389648438,246.5,1840
2024-11-05,246.14999389648438,247.25,245.5,246.35000610351562,1469
2024-11-06,247.6999969482422,248.9499969482422,246.64999389648438,247.0749969482422,2182
2024-11-07,247.64999389648438,248.4250030517578,247.0,247.8000030517578,2725
2024-11-08,245.4250030517578,246.8000030517578,244.5749969482422,246.64999389648438,1970
2024-11-11,246.14999389648438,246.3000030517578,244.47500610351562,245.60000610351562,1042
2024-11-12,246.8249969482422,247.25,246.1999969482422,246.4499969482422,1690
2024-11-13,246.47500610351562,247.125,246.22500610351562,246.89999389648438,1371
2024-11-14,247.625,248.0,246.77499389648438,246.9499969482422,2494
2024-11-15,251.10000610351562,251.85000610351562,248.0500030517578,248.125,3232
2024-11-18,251.8249969482422,251.9499969482422,250.5,250.875,1869
2024-11-19,254.25,254.4499969482422,252.1750030517578,252.39999389648438,1970
2024-11-20,254.8000030517578,254.9250030517578,253.77499389648438,254.25,971
2024-11-21,255.125,255.3249969482422,254.6999969482422,254.77499389648438,6974
2024-11-22,254.3000030517578,255.375,253.14999389648438,253.375,7003
2024-11-25,255.47500610351562,259.5249938964844,254.89999389648438,256.54998779296875,12127
2024-11-26,258.1000061035156,259.3500061035156,255.35000610351562,255.625,7587
2024-11-27,258.7749938964844,260.0,257.5249938964844,258.32501220703125,6398
2024-11-29,259.4750061035156,260.20001220703125,258.17498779296875,258.625,4823
2024-12-02,256.8500061035156,261.20001220703125,255.5749969482422,259.57501220703125,10435
2024-12-03,259.29998779296875,260.6000061035156,257.29998779296875,257.625,7934
2024-12-04,256.95001220703125,259.95001220703125,256.625,259.2749938964844,6309
2024-12-05,254.9250030517578,257.9750061035156,254.5500030517578,257.5,7693
2024-12-06,255.8249969482422,256.75,255.375,255.89999389648438,9645
2024-12-09,255.8000030517578,257.6499938964844,255.47500610351562,256.25,7840
2024-12-10,257.32501220703125,258.32501220703125,255.3249969482422,256.0,9156
2024-12-11,259.04998779296875,259.25,256.70001220703125,257.2250061035156,8160
2024-12-12,258.3500061035156,260.7250061035156,258.1000061035156,259.75,7895
2024-12-13,257.6499938964844,259.0249938964844,256.3500061035156,258.20001220703125,6166
2024-12-16,255.5500030517578,258.8999938964844,255.125,257.95001220703125,6996
2024-12-17,257.4750061035156,257.6499938964844,254.89999389648438,255.8000030517578,6475
2024-12-18,257.0,258.3500061035156,256.04998779296875,257.3999938964844,4523
2024-12-19,254.47500610351562,256.32501220703125,253.8000030517578,256.25,7274
2024-12-20,255.60000610351562,256.125,253.89999389648438,254.5,4331
2024-12-23,256.6000061035156,257.1499938964844,255.39999389648438,256.54998779296875,4915
2024-12-24,255.85000610351562,257.79998779296875,255.75,256.9750061035156,2180
2024-12-26,259.29998779296875,259.92498779296875,256.1499938964844,256.1499938964844,5007
2024-12-27,261.375,261.8500061035156,258.7749938964844,258.7749938964844,4275
2024-12-30,261.625,262.20001220703125,259.8999938964844,260.7250061035156,2951
2024-12-31,263.0249938964844,263.375,261.25,261.57501220703125,2451
